Rank,Clan Name,Score,Leader Name
1,Scarlet,623312358,Djk
2,Weepo,615447875,Neptune
3,Sky,606037981,Houshou☆
4,KannaCult,596446382,TearGrants
5,Valk,592369586,Jung
6,Ethereal,587628308,Pang
7,SarenCult,584997927,HuggyF2p
8,Sweatshop,583875873,Phoenix
9,Beepo 2930,577629496,SmolSproot
10,Bracers,576525123,Krizz
11,FuwaFuwa,574488691,Chiyo
12,MegaMilk,573785182,baeck
13,Nice 1 CR,566297157,Miyuki
14,EoS,565378034,EDM-BANGER
15,Imanity,560277597,Yon
16,DankSoul,560258352,DankSimp
17,EmBoomedUs,559946306,Eggplant
18,29/30,551683860,Jester
19,Yuibats,551533669,Tomo
20,AEGIS,546506324,Racter
21,Dream,542361867,Kymori
22,Haunted,539109801,Venom
23,Invidia,538691903,Rong
24,Neko Nyaan,537944735,Sashandra
25,The Mist海霧,536111662,Muai
26,We Auto CB,534202989,Zyf
27,Eden,528418208,MSTKid
28,AkaiHaato,528162811,eLeVeN☆
29,栄 INVERSE,526582695,Comfy
30,Re:wind,526436591,Stagul
31,Ghosts,524781701,Lino
32,Night Owls,523953618,Zennou
33,2DThighs,521785824,Balmy
34,28/30,520985560,Kishi-kun
35,Fukano,520188385,Golem
36,CafeQuanta,518238379,Gyarudell
37,Nightmare,516292314,Asariel
38,「Onigiri」,516079854,Nyandehyde
39,Salivation,515797691,Muse
40,Eclair,513763735,Zeftyy
41,Ever Tale,511386823,Tear
42,Wu,505852645,Borkono
43,Prismatic,505804156,Yousomaru
44,4DThighs,503241292,Dalamar
45,MQH,501999486,Ace
46,WE AUTOCB2,497795271,Serecola
47,We AUTOCB3,496600017,Ekzann
48,Wicked Fox,493812323,Foxy
49,Weebs Out,491775383,Rexxa
50,Royalty,491740958,Ashevish
51,Kenjataimu,491553786,Kenja
52,Pierrot,490373544,Frozy
53,Origin,487647097,Sinzari
54,Elegy,486806511,Fuuze
55,France,484575474,Nomis
56,Forced2pay,484285312,Mister
57,Realm,480943991,Aku
58,Midnight 3,478274847,JS
59,Solace,476476381,Versatile
60,WolKnights,476062299,Kaia
61,VnSharing,469224491,Artorias
62,Kokko Club,469108470,Rasec
63,Re:Roll,467896805,Marchez
64,4clan,463006068,Spaerk
65,Fate,461189373,Kyo
66,BoarHat,460666015,Tendou 
67,Sent,459423313,SentryCore
68,Ignoto,457130941,JSar
69,Waifufans,456817943,elmoebuta
70,Uncharted,456550608,Another
71,Nousagis,455972870,Renne
72,Kyaruland,455125798,hori
73,戦 Weebs,454939161,琉璃 × 霞没穿下身
74,Maple Tree,454370266,Maple
75,ArchZero,453923537,Rimuru
76,Abyss,450801767,NysAshura
77,AvgD,450089068,Ted
78,Ambition,445832191,Ichi
79,Downone,445113668,Fal
80,Eclipse,443705388,Wolf
81,ネINVERSE ■,441801550,Poke
82,PekoMiko,440810194,Gellal
83,Pekoland,440556641,b0ss°
84,Fantasy,440408913,Kan
85,Sanc,440267693,iansky
86,19700101,439538200,Phoenix
87,Wyvern 13,437925270,SeulRay
88,Tsuki,437355952,Yuuki
89,Weebs,436384922,Fushi 
90,Vroom,436285135,Chie
91,ACT,435233287,Arukate
92,TheOffice,434694341,Hollocho
93,Gomen YUI,432353241,Nanashi
94,ShadowIsle,431735796,Npheria
95,TsunTsun,430651418,Omonomous
96,KoA,430648362,Joeyy
97,Dai Shouri,428203964,Kaneh
98,HoloMyth,426182064,SkyDragger
99,Blush,426174682,Sam
100,Hatdog,425348173,Missa
101,Yum,424270986,Jennasaur
102,Ellinia,423575427,wutty
103,NamePendin,421912538,pipo
104,YabaiYabai,421754262,Kraylore
105,Misters,421341725,Spagoots
106,Re:Salt,421111148,Ezo
107,Mystic,420647465,OmiD
108,Hoji,420555917, Cheese
109,1+1=3,420411554,Keelus
110,Wolhaksong,419986707,RFK
111,Feather,419799322,Dust
112,Akari Cult,419412586,LuismyP
113,Mythical★,419024716,Echo
114,ClanPotato,418857010,Sheiter
115,7 Crowns,418528469,Cantabrum 
116,Aegis ,418275731,TRS
117,Kaiba Corp,418152448,Monoultra
118,Re:Zero,417873632,ram
119,Hestia,417811525,Valdis
120,WhySoToxic,417098828,Bitdragon
121,Re:Run,416410279,Anfanger
122,Pandaverse,416160412,Sirson
123,Mongrels,415760445,Shark
124,Awaken,414942985,riripwn
125,Lunarian,413958160,Kano
126,Akukin,413685952,MadHatter
127,Enmity,412622878,Zenovyx
128,Waifu Army,412011040,Dalamar
129,Pain Peko,411519973,Ascho
130,L.G.D,411089853,Kal’tsit
131,Hololive,411084841,Pekora
132,Goats,411002652,Rengeki
133,France:Re,410375785,Hikyon
134,Life Raft,410179239,AuraFly
135,kusa boys,410176125,TFG
136,BDELlama,409461851,Merc
137,PekoPeko,409390311,OmniRaka
138,Anbu,409315637,Keiichi
139,Dreamer VN,409015898,Derumu
140,UragiriCat,408277593,Azhriel
141,Princessla,408007937,Peloncho
142,KENUM ,407186517,マスター
143,UwUGirls,406893628,Joey
144,夜明け,406658942,Tsuki
145,NicoNico,406427190,wham
146,BebekBakar,406326523,BB｜anzai
147,Spatzele,405934947,Rena
148,WHSAcademy,405673636,Metastone
149,Kodama,404145127,Sudokukai
150,Mist,403934548,Nub
151,Neko Cafe,403933591,Wizi
152,Boba,403285551,deebee
153,KururinPan,403201784,HYPE
154,Waifu Meta,402255485,ムーギリ
155,Fox Titans,400241782,Berto
156,Kujira,398337717,Yukkiko
157,Fox Sins,398175415,Jalonsof
158,whakak,396891751,kimpleh
159,Paper Moon,396457374,LustJaw
160,Hikari Zen,395716675,HafaraSama
161,Hikari,394735269,Mingui
162,GrandOrder,393586497,Satoshi
163,Waifufans2,392496632,Adrien
164,Vanished,391742387,VA Tragedy
165,Setoukai,390785965,Yumenano
166,IMAGINE,389827721,sleepyhead
167,戦 Evolve,389460556,Aoimiruki
168,MapleTree,388176281,Millhiore
169,☆BAKATARE☆,384781004,Kafuno
170,Bakuhatsu,384166628,Megumin
171,VG-MightSC,383248852,Malv
172,Creamation,382765380,Yuuki
173,Marigold,379448135,min (ミン)
174,Ka Boom!!,378830426,Boomking
175,Moonlight,375536215,Farnlock
176,Hepburn,373341372,Batata
177,Niflheim,372728206,Xian
178,Sritter,371311740,BishA
179,Fenrir,370119054,Kurikari
180,MapleTree,369447125,Eternalis
181,ChainX,369371149,SakLite
182,SevenGates,369018412,7G☆Ging★
183,Clown Town,368960564,Osmium
184,Subatomos,368239626,Baka
185,Flandore,366821301,LenXca
186,DereDere,365819755,Yuuki
187,Chupacabra,365098397,Alastor
188,Moonlight,364770365,Canioden
189,CunnyInc.,363085784,Luciana
190,Omnia,362134411,Riaky
191,PAN,360909314,Alonso
192,Milktea,360742133,Rie
193,PecoLewds,358128350,SarenMama
194,Tea Party,356827329,Rudeus
195,Luxuria,355722197,Modern
196,HsHome,355084877,Nanicorenu
197,PinoyPride,353938317,Hylion
198,CBT Gang,353061789,NanoA
199,The Empire,352819961,Prismal ★
200,Cryolyte,352463793,Enviar
201,Starfall,351102901,Motoko
202,DNight Sky,350808489,Yuuki
203,Takopa,350250039,AkitoEX
204,Dewar,350108520,FearK
205,Heavenhold,347762882,Potatowo
206,Waifuverse,345640343,Demolition
207,Attic,345242145,PoorNic
208,Painters,345021594,Yers
209,Black Cat,344955952,Chris
210,Valhalla,344464364,Russell
211,夢スター,343979821,ｘｉｎｙａｎ
212,MilkGod,343507704,WaffleIron
213,Handfuls ,343184826,sey
214,TheMunchys,341364935,iDomo
215,Origami,340597582,Soldeum
216,Shibanban,340010388,Twick
217,Hebe Hill,339717285,Rosey
218,CCB,339107020,Shiina25
219,Genocide,336910525,Genei旅団
220,BGG,336809040,SpokBlok
221,Tojo Clan,336413527,lemonguy
222,4ntureplay,335991988,KupFPS
223,KyaruTail,335678989,バコネーター
224,Korone,335642436,Anri
225,O x O,335584851,Dawn
226,JKA Dawn,335394529,Juanchi
227,Space,334170022,Elatha
228,Peco'sPeco,334078401,めんたいこ
229,Pricunny,333930559,ChaiRaba
230,PandaClub,333561726,Gillian
231,Specialist,333494003,Frost
232,Solstice ,332819308,Yuu
233,Waifu4Laif,332489612,kyo
234,Lionheart,332011137,Fox
235,TotoroCafe,331988066,NarutoC
236,RED,331686501,Enne
237,uwumetic,331584270,Hakeru
238,月夜の黒猫,331517821,Sachi
239,DLC CAFE,330903551,Lee
240,LATIN@S,330845096,SpaceFang 
241,Kanso,330244466,Pinecone
242,De'Empire,329935352,De'ar God
243,Hololive,329905281,4649
244,Pokkake,329336865,Apphole
245,Illuminati,328523847,Lucciana
246,Tea,328038988,Tea
247,Primrose,327880764,Palette
248,Simp City,327771189,Yasakura 
249,NO RESIN,327127952,PohonSange
250,Astoria,326968161,Shifune
251,Amber 火,326632595,Yajirushi
252,Paladin,326487265,Yuukimura
253,Snowflakes,326222623,Woobles
254,梦NIGHTMARE,326087245,Yan-chan
255,Skyfarers,325971492,Iverna
256,tit good,325429678,Sera
257,美食殿,325173639,ユウキ
258,Ita-Legend,325132610,Calle91
259,Mondstadt,325073125,Agus
260,Nslb,324802882,Sabian
261,<Baneados>,324462442,Luphelion
262,Ahjin,324268059,Spidre
263,MajinGods,323453348,Loliseo
264,FuG,323243941,Turtle
265,MeatIsGod,323176531,Kaito
266,Aki Kouhai,323014824,Hazeru
267,EOE,322886879,Oani
268,KASKUS,322054672,zer0
269,JKA Sunset,321879753,KanonHeart
270,Lichyard,321851685,Xero
271,Truckkun,321589413,Chinen
272,Enet,321472241,Zeal
273,DHARK,320951820,サカト
274,D'arkWorld,320821151,DivineReji
275,Durian,320629267,Magicmiget
276,Shrimp.exe,320461504,Avaradus
277,Exodus,319639970,AngelVOC
278,Re:Hold,319427164,WolfeK
279,FTQ,319243519,Altriaki
280,Ascension,318713237,Lunaris
281,SleepyMats,318457926,Kareef
282,Reminence,318404547,Yumenano
283,Doge,318379274,Konpeko
284,Rem Lovers,317810601,in0x
285,Hatsu☆mimi,316071667,Natsumi
286,Mofu Mofu,315807213,Expe
287,Teh Slax,315758632,Pufftrees
288,Friends,315742505,Alban
289,LostCause,315639397,PimekS
290,SoCal,314899956,E30
291,Shikigami,314707766,Nico
292,Hotglue,314448954,Gene
293,RIPnoLUCK,314120152,■
294,RE:,313559183,Mar
295,Peanut,312687323,Furotsu
296,Taikonnect,312363399,Kaem
297,Gignomai,312266399,はじめ
298,Enmity II,312158916,Alice
299,EX:Brave,310375832,Noxte
300,LilyPog,309758421,kowze
301,Pay2Waifu,309708416,Dano
302,Mechafe,308529842,Mechaf
303,ISEKAI V,308298372,Episode
304,S. Kinshi,308118568,Akio
305,Starfall N,307636998,Megumin
306,Kali,307130319,Tiir
307,BattleBuds,306775566,Fancy
308,Korosters,306701350,Saaya
309,Cafe Kani,306693890,Eilthis
310,WeebLounge,306538283,Division
311,Maidos,305235388,Ocifer
312,dark gang ,304195902,Darich
313,K.F.P,303817691,Utoko■
314,Haru Haven,303283580,Guisterix
315,Ganbatte!,303162859,space
316,C I I C,302757954,Lazurak
317,Superior,301832941,MrSalt
318,Sweatshop,301765189,kbh
319,Matcha,301716095,Byrat
320,Pleiades,300781295,Kuro
321,JKA Noon,300377791,JacobGP
322,Pancake,300238296,Elynna
323,Salamander,299326081,Butterfly
324,0x0,298247327,Red
325,Puzzles,296887746,Valldor
326,TeaParty,296763321,Sehesael
327,Paws,296313385,Acrzyguy
328,ZeeebFam,295703889,Hordian
329,Kappa Clan,295444658,Poggers
330,ChaoGarden,295416505,Penn
331,Clan CDF,295176023,Riyria
332,ShirouArmy,294755066,W
333,SOSBrigade,291378303,NovaKing
334,Winx Club,291337694,manaketez
335,Choten,290180238,Tachibana
336,ホタル,290106027,Graape
337,BLANKET,289864044,Dyrnwyn
338,Solace,288511588,Tel
339,Heaven,288463181,Soun
340,Purgatory,288242566,xAkre
341,One More!,288055895,ajbob
342,Euphoria,287906078,who's rem
343,Union,287014865,Exemplar
344,WorldOrder,286747232,EternalGod
345,ProtecMaho,286032674,Yuu
346,Elfera,285721415,Weaver
347,Traverse,285189537,Sai
348,Gamer 会,284881623,Gordon
349,ハーレム王,284396825,クレオラ
350,Arcadia,283935332,Tadders
351,NeropolisA,283560407,SerackSK
352,YUI LOVE!,282490956,(Dead)ki
353,Loona,281516639,Gowon
354,GawrGuraHQ,281136575,Kittens
355,DLWarriors,280741585,GamRHero95
356,GodsArmy,280073428,Manny
357,Only Flan,279601354,Xion
358,AinSophAur,279306359,WibuAlter
359,Kokkonuts,279093152,MadeToMaid
360,Waifufans3,278513357,Homie
361,MrStroking,278400102,Arap Petra
362,nyab,277911556,Dangergun
363,TinyHerb,277531153,Rain
364,Luminera,276533392,AakBamba
365,Lucina,276446015,Ferris
366,Moon Tree,275963066,Rakuda
367,Slimearuji,273105496,Renleve
368,Gourmet,272999666,Nguyen
369,PRZK,272438760,Ozrealix
370,Hololive,272219353,ティーザー
371,DarkStrayX,272123831,Vayne
372,HololiveEN,271213378,Alexsu
373,F2PBTW,271047932,Megazers
374,INDONESIAN,271021137,ASHRAFF_
375,Flashlight,269863197,Piixers
376,PriNewYear,269147130,Yuute
377,JoJoBase,268807636,Janember
378,Waffles,268630332,Puddin
379,UNIQLO!,268200408,WAOW!
380,Pleiades,267564699,Hika
381,Fatkb,266975043,Zerukun
382,TakeItEasy,266679030,redo
383,ThiccHeart,266148373,Makoto
384,進撃のpepegas,265771161,Hanamura
385,Yuru Camp,265687007,Karoshi
386,Exyph,265479219,Shiki
387,HololiveLA,264971044,Kampunk
388,Biddies,264468646,Lulu
389,HAACHAMA,264354167,DarK
390,Delicious!,264029557,Kujikawa
391,Yabai Desu,262481878,Feny
392,Dorime,262461650,Gerdo
393,Bread Gang,261384135,Harzgard
394,Arknights,261043566,HungryMe
395,Pecobob HQ,260871191,Mym Plush
396,★★★HH★★★,259617114,Hygurozuto
397,PotumParty,257228168,Meow
398,Veterans,256595340,Xealox
399,Wings INC.,256246227,wingstop
400,セラー,255820132,dandelyn
401,Tryhard,255613010,Hanashee
402,ViViVi,255534314,gowoon
403,PriconneID,255409133,AkibaSouta
404,OJISAN,255081477,Jubei-chan
405,Anubis,253061536,Jrizzle
406,XCMoogles,251752019,Rald
407,Summer,251590694,Ziltoid
408,Bullies,251457147,sevi
409,AmeliaHQ,250363003,Loli Lime
410,Mugae,250294581,ShinoTomoe
411,NORTHWILDS,249975329,RYUGANorth
412,TWPOK,249841721,Mocha
413,Nublets,249617227,nicoo
414,7thElement,249332288,Kaden
415,Thigh Men,249179427,Mico
416,Mekakucity,249160865,Shintaro
417,Valhalla,248329336,Hysterrria
418,Steve Club,248306035,Reikyu
419,Soft,248247321,Pikadrew
420,Garuda,247984210,BeingX
421,Asakusa,247009138,Sol
422,Requiem,246810638,Not Joel
423,Thigh High,245341877,Ashu
424,OutlawStar,245200042,Mugen
425,Hololive,244889320,Shishiron
426,WeebDaPepo,244813765,Runic
427,Nousagi,244719222,Cyandel
428,Vesperia_f,244665817,Lawne
429,StealJewel,244197002,SJ-Nani
430,Waifu,244027212,ShadowFTL
431,Hololive ,243785021,Serath
432,Send help,243507375,Kaju
433,Jaegers,243060437,Schebe
434,Diliconne,242972197,Euclius
435,Hololive ,242952795,Robit
436,Hololive草,242821371,NENE SIMP
437,Sabnockers,242660227,Brazil
438,AozoraWing,242599800,HongBoi
439,LoliBuster,242274261,Benet
440,Eclipse,241929710,Zxadv
441,Daijoubu,241457974,Tsuki
442,Alma,240731735,Sthena
443,Inverse,240292729,Rocks
444,QuackClube,240107469,Arara
445,Peco.wav,239897145,Liesel
446,Dangomunch,239134934,Neptune
447,Gachoomers,238701816,Lonk
448,Red Army,238578027,RKudryavka
449,MapleTree,238454237,Kakashi
450,MeowCafe,238401295,Girameow
451,HololiveSG,238245148,Dreamy
452,Neehongo,237889319,AkaBaka
453,Melody♪,237711440,Wolke
454,RoyalFelt,237407733,Asira
455,MahoFanClb,236742016,Elmo
456,Nyanpasu,236382611,Daisuke
457,KingdomAR,236206474,Arphenia
458,LoliHentai,235775481,Timey
459,Sparkling,235732236,Dunno
460,CalliGuh!,235466809,Zyphodeu
461,MOMMIES,233987907,Anima
462,Discrot,233884398,Erahase
463,Ragnarok,233202168,Snaw
464,Frontliner,233052524,GordEn
465,Bismarck,232986777,Larxe
466,GoldenLand,232417350,Kurome
467,Ecl0pse,232368056,Sol
468,DGD,232193182,Kamina
469,Holo House,232145538,Kadra
470,PekoPeko,232027108,Ryuuki
471,NSFW,231816644,Psyclops
472,Arknights ,231759508,Haze
473,Descension,231584171,Azi
474,Khaenri'ah,231509164,Kholdy
475,F2P,231326948,AD
476,DragaliaSG,231265715,Shift
477,Jack_ch,231018190,Akki
478,MapleTree,230710254,Xekie
479,Halidom,230536790,Kinit
480,PrincessL2,230449166,Yuuki V2
481,Legend,230094547,Shyc
482,Cunnychads,230038101,Leinadris
483,Usada Co.,229865368,Zo
484,Kitsunebi,229710647,Chremity
485,AvgD2,229483657,DragonBox
486,Dramatica,229458268,s1ruth
487,Lux~ae,229424196,Tamhar
488,Smokin' C,228339067,Eli
489,Furries,227760436,Rana
490,Famyth,227359692,Ryan
491,DoggoReich,226434064,Gody
492,Pecoline,226369591,Noel
493,Izanami,226244009,hltaker
494,Latinos MX,226241814,Chermy
495,Bonk,226139700,Jayson
496,Connect4,226107092,HDKirin
497,★ Luna ★,226106315,★ Kcalb ★
498,Cinnamon,225872687,Yohanne
499,PR TEAM VN,225689062,Kano
500,PrinMeme,225618501,S2AoiS2
501,Depressed,225479310,Y'shtola
502,Yulandia,225152363,Oogu
503,Zephyrion,224936702,placey
504,The Bakery,224884701,Towasama
505,Weebs,223983636,Waffle
506,Miku,223883360,Miku
507,GAMBA,223802546,Inari
508,Waifu,223638197,ZeroTwo
509,LegionEren,223165890,XxSunderxX
510,Spica,223138292,Eclairion
511,BananaMilk,222553477,SmoovSuede
512,Beastfolk,222048486,NekoNyadia
513,Cataclysm,221003558,☆
514,Gomen Yui,220680742,Vokna
515,Arcarum,220623697,Makenshi
516,キョウカちゃん大好き,220529879,kyoukachan
517,GamePress,220257017,Haru
518,WaifuGuild,219518372,Kagezu
519,GibWaifus,218873985,Darkdragon
520,KyaruThigh,218807026,ゆめ
521,Roselia,218745367,Senpai 
522,Deadbeats,218589142,Demonthief
523,Neo Magius,218221676,Naruko
524,FUGIS,218221242,whycuzanna
525,Aggression,217718101,Bestraffe
526,GatoClub,217574779,GatitoMon
527,Cinnamon,217360798,Febc
528,BRiconne,217327791,Kayurin
529,RatAegis,217122952,Tanishq
530,Idol Trash,216633053,YllwRice
531,Kit Kat,216027219,notlinkin
532,IndoWar,215509395,Azterisk
533,Leg Latina,215426596,Kayn
534,Casual,215205129,Chat
535,FuGs,214821779,Raider
536,hagunjison,214464487,yuumi
537,TeaParty ,214462173,DesuDesu 
538,Lostbelt,214362786,Concord
539,Taurus,214273603,れい
540,Pequod,214255717,Bagarel
541,Megumi,214138513,Pots
542,Aurelia,213881877,Launtial
543,phantasmPH,213372110,Malice
544,Overlap,212818774,Raineo
545,ItalyCrew,212481458,Rasos
546,Wut House,212377904,KEINE
547,NeoSekai,212143658,Aizena
548,Garuda Fam,212099615,Pott
549,Catgirls,211880366,Cookies
550,Yuuki Corp,211811815,Yuuki
551,Gacha Hell,211377897,Astro
552,REBELLION,209965368,Show12
553,NekoHeaven,209697190,Krash
554,Lupercalia,209684036,Airas
555,Futas Only,209636307,リサ ☆ ～('▽^
556,Revelation,209199342,For-God
557,Mikoland,208693558,PhillyJ
558,MewMewCafe,208678147,Bangumi
559,ケモノミミ,207602509,Heroshi
560,Chile CTM,206839577,carlosky
561,Precure,206831364,Ayra
562,Axis Cult,206826652,Ryuuki
563,ArcadiaZ,206781861,Waka
564,Muffins,206683815,Blaine
565,Lugnica,206651643,Mob2104
566,Crimson,206141060,Sakote
567,non-tales,205858514,lnthuan00
568,PRINCESOS,205784095,FireShoT
569,Polaris,205410072,Atofe
570,☆☆LAZe☆☆,205061089,awestyn
571,Panda,204968032,Domaru
572,Teamates,204846366,Jolt
573,Azure Sky,204309545,Kitzumaru
574,LoneFenrir,204278056,Blackroxx
575,Saltgalia,203133399,Shinryu
576,defunct,202953093,Pendleton
577,Jokers,201898191,VcldNut
578,Kaminari,201374998,Seri
579,I <3 KMR,200580111,TaleofAdam
580,Crunchyrol,200344022,MantasChan
581,Lolis,199887282,RemUni
582,Makira.VN,199718183,Kiraisei
583,Tea Party,199387353,Des
584,《Fantasy☆》,198077164,Chiaki
585,Degenowets,197940782,XKaz
586,Priconne,197653589,Oriole
587,Phantom,197599452,Xillia
588,RimaLove<3,197595909,Justice
589,Pastel,197403857,Maygi
590,Shelter,197142600,Eunwoly
591,Takodachi,196640611,Locke
592,Indigo-Go,196544934,プロミ
593,PlayAtWork,196053101,Robert
594,ホロライブ,195810334,白上フブキ
595,Genesis,195608056,Astra
596,GiveWaifus,193399390,Tim
597,Endless,192870530,Angel
598,Milk,192806234,milk
599,Mondstadt,191535073,Wryndam
600,Itogami,191382908,Kojou
601,Polaris,191282693,Eucliwood
602,Jelly,191221415,PinkLlamas
603,Ascent,191204131,Synchro
604,GachaBros,191094833,Soda
605,Aincrad,190412058,Reika
606,Karasuno,190387904,Ryc
607,Exaltia,189949673,Fayden
608,Excelsior,189924693,Xhypher
609,Kenzoku,189873272,AllStar
610,Malorian,189445333,KingB
611,KGGI,189175423,Donoven
612,Chaldea,188846455,Data
613,OverFly ES,188669850,RM Zero
614,Complain,188603158,Yuri
615,Salty Conn,188143485,Pekkapost
616,Fracture,188051217,Akavar
617,Argonaut,187566969,Baowow
618,River,187231662,チャンディー
619,Highly UwU,187137772,Macroism
620,Weabooos,186200001,Vezerus
621,Re:Creator,185921362,アレクサンデル
622,Z.H.P,185489993,Shark
623,GOMEN YUI!,185471488,Pain3
624,Nekopoii,185314301,Natsumii
625,Inbobi,185194471,TheChaff
626,TGM,184624900,Yarumada
627,tellenodec,184339405,Ray
628,Lumitta,184034579,Yezzo
629,~NyanCafe~,183521795,Aokami
630,GengarCore,183122161,Soul
631,~Pandora~,182772825,XerxeAlice
632,DreamBox,182520574,Shogun
633,Chumps,182501570,Burtgang
634,We A Boo,182477971,Xilvemn
635,LatinoMix,182321583,ShamanGod
636,Luna,182298109,Akira
637,TrashTaste,182281034,Sheath
638,SIMPVTuber,182178340,Bima不審さ
639,Arknight ,182153755,Raz
640,Kokkoro,181829280,Aruji-sama
641,Latino,181773640,Joel
642,KFPrincess,181739302,Lethiur
643,OxO,181673033,Spartagnus
644,Ducky,181517427,yong詠
645,pepeL,181339911,Potato
646,indoClover,181032663,KaosuChan
647,WaifuLand,180872888,Mugen
648,OwO,180667350,Axebearer
649,Edelgang,180460947,Tristan
650,Yorozuya,180087939,Kurisu
651,Aincrad,179983586,稀有Ikazune
652,Team SUGU,179562325,Setsuna
653,Bun Bakery,179456901,Voidec
654,PekoPeko,179035688,Prinzz
655,Uprising,179017303,Algota
656,Konosuba,178727761,CC
657,Gacha Hell,178602733,HETCH
658,Strikers,177888886,MacBob
659,C.C.C,177767748,Phetrix
660,NewDawn,177632367,kappa
661,WaifuLaifu,177622842,The Senpai
662,Maple tree,177348332,Baka
663,Reviewers,176889221,Liz
664,Sanctuary,176548755,Haruto
665,Nazarick,176476073,Snowind 
666,Prismsun,176444397,Zeppel1n
667,Ahjin,176214247,Akatsky
668,AzurKnight,175987435,Teika
669,Myth,175898444,Riessfeld
670,DMClan,175318980,Yuuki
671,Benienma,175280202,Astolfo
672,Rad Dreams,175246081,Nikeligo
673,CherryBois,174987413,Baka
674,KnightRaid,174902250,Katz
675,Waifu Hunt,174753323,MadWasabi
676,Glory Hole,174531312,GH Thien
677,Tea Party,174199347,ElfensCode
678,KaiZephyr,173827986,Sepher
679,SleepyTea,173688958,Rinku
680,Horizon,173336486,Faris
681,Phamily,173084092,Genie
682,☆Zogratis☆,172911198,VaNica
683,OtakuGuild,172734469,ShuOuma
684,Tiramisu,172712825,GomenYui
685,Astrum,172630971,Kyo
686,Manacc,172534379,asiianlao
687,Celestia,172407674,Kami
688,DELTA,172407595,VAZLEC
689,Hive,172335998,Hubby
690,HardCorps,172282824,Black
691,Neko Corp.,172129232,Mettaton X
692,Paradise,172114443,Asayoru
693,Priconne M,171939157,Priconne M
694,Bad Omens,171903047,Moon
695,Darkest D.,171827784,Fran
696,Plague,171817938,Mae メイ
697,Cardboard,171754345,Pell
698,Nazarick,171667285,Totbot
699,Clan,171565897,Brandy
700,BugSnacks,171450807,CDROn
701,EXODUS,171374836,CutiePie
702,Onigiri,171204824,Diliki
703,Rebirth,170625153,Birdy
704,NinjaTown,170305056,Tufu
705,Hololive,169781799,Xinahli
706,Monogatari,169718101,今日子
707,Knights LA,168818359,Kike
708,Requiem,168321007,Yubi
709,Chaldea,168104358,Bryan
710,KitosVille,168035318,Kitosan2
711,Kpop Stars,167995663,RyuuHana
712,Divinity,167766394,Denis
713,Nousagi,167634258,NPC-B
714,INAcent,167063335,Harue
715,Shelter,166965387,Kiru
716,Twilight,166796811,DoReMi
717,Royal,166528016,Jinxie
718,Fet,166364833,Yuju
719,GoldenMix,166222468,BenKun
720,Yubiyubi,166215239,Lumine
721,SingSmile,165495897,SS | Deca
722,Slayers,165489273,Llama
723,IdolMaster,165451847,愛川美雪
724,Makai,164918571,Nemurin
725,GODLIKE,164819057,Yiep
726,CrimsonVow,164802738,Eevee
727,Vuhridian,164446764,VuhrCulls
728,Love,164111116,Nguyen
729,TCinnamon,164090616,Demon
730,RabbitFoot,163989772,Lapin
731,Beehive,163569867,panPP
732,MappleTree,163349620,Oguri 
733,FourShine,163347205,Kiryu
734,Baka,162888342,Takumo
735,Ara Ara~,162748032,Apotheosis
736,Music Note,162580276,Akatsubaki
737,ELT,162516752,RIN
738,SHAMELESS,162328611,DONKEYKONG
739,NeverLucky,162190214,nerdzo
740,Imperium,161762801,Nao
741,Lolipark,161132579,Hyperzap
742,BlackRose,161131473,Shijjin
743,Nazarick,160962635,SuzuSuwa
744,DieLondon,160922488,Zero
745,Brave Wing,160660157,Hukori
746,Landstar,160584497,Ace
747,Abbella,160431011,JellyBal
748,WaifuG0DS,160236761,xPeter
749,Nadeshiko,158904947,Yama
750,GenshinUwU,158569571,Aether
751,Echoes,158385588,ミステール
752,Arcadia,158296889,Zafkiel
753,NakiriGumi,158286810,Verzex
754,Wisdom,157675123,Ruisu
755,CommieWeeb,157270876,Inglo
756,Goon Guild,156974955,Krajako
757,Misty★,156964858,Dag
758,PCHomies,156891880,BBlanc
759,Gourmets,156550873,Soriu
760,Kokkoro FC,156526887,Naru
761,Happy,156222556,Yoru
762,Apocrypha,156046715,☆APC☆Marcy
763,Tamagohan,155938098,Niveum
764,Amnesty ,155773094,Wokpan 
765,Valorous,155402224,Fite
766,Warlords ,155354624,namelesr34
767,PecoPeco,155176371,Sekuhara
768,Furinkazan,155097419,Zag
769,NewAge,154897041,Juplas
770,Maple Tree,154874152,Miscavel
771,LoliCorps,154709914,Juan
772,Holy Relic,154606148,Sil'fer
773,Infinity,154526724,An
774,DEGENERATE,154400076,Shiro
775,GachaKings,154400066,Rakkii
776,Takodachi,153802362,Chino
777,Tavern,152964791,PI
778,B.Vesperia,152823831,Aeros
779,Vilsugia,152643465,Rutium
780,Hololive,152442103,CurryMeshi
781,GRRRRR,151950490,Yuuki
782,Citadel,151690970,Coco
783,Anime,151631440,SetaSojiro
784,Wonderland,151457407,Supa HM02
785,RerollCity,151398812,mayfu
786,Defiance,150454666,Ciel
787,GachaElite,150316128,Andraxxus
788,HoloStars,149889757,HanYoohyun
789,Labyrinth,149187860,『Labby』
790,Chaldea,149066721,nankosas
791,ae 1 nha,148910367,Maisha
792,Z.O.N.E,148755205,Tsukuyo
793,Tonarikai,148507208,Dreadocto
794,Stardust,148214447,Rithyl
795,Maple,148057088,Phaenna
796,Princesos,147855294,Aruruu
797,Aegis,147759715,Maru
798,iSpy0ppai,147300567,Xenon
799,KyaruHappy,147283679,ivilles
800,VirtualSim,147240918,Sandoom
801,MILKERS,146694883,Eliasuki
802,1MillionHP,146671050,Valteros
803,Simp Squad,146298141,Zenkai
804,PekoPekora,146228619,Shinnosuke
805,ISEKAI 異世界,146150711,Reimondo
806,KITIRA,146064289,Jarred
807,Holy Flag,146017697,Gammoth
808,GrandOrder,145996475,Solaris
809,HoloKnight,145590248,BenDy
810,Asbestos,145455998,Cotopaxi
811,XFG,145259824,xMus
812,Sushi Bar!,144798916,Alerion
813,Aurelian,144658798,Lapis
814,ame cult,144231656,miso
815,Quartzer,144196239,Yuuki (Ein
816,Kyaru,143775417,Linja
817,RouHa,143760418,Sei
818,MoguMogu,143575612,EcchiCao
819,CafeQuanta,143532812,HoloShrimp
820,Pure,143510914,Purplex
821,☆Cactuar☆,143496777,Chainoda
822,LIG7,143394845,Riamu
823,BSC,143354408,ふわふわパンダ
824,FGO is fun,143139747,Mirai
825,IndoPride,142463897,Rozmark
826,Sadge,142403272,SomeThingy
827,Nyapolitan,142240400,Yeanne
828,fee's bees,142110198,Feenicks 
829,Moon Cell,141468371,Artoria
830,Gachaman,141362974,GaleSiege
831,Nyanpasu!,140930420,Karma
832,Vessalius,140857394,Syl
833,Bravestorm,140496370,MrBonnieG
834,Elf Lovers,140355947,Sefidea
835,RedKnights,140301244,Crimson
836,Ouranos,140046024,Tertium
837,UsaKen ぺこ,139798074,Ren
838,UwU OwO,139771735,alien668
839,Alcatea,139742865,Suto
840,Tartarus,139468260,Zertai
841,FlowerLily,139405328,Enigma
842,HoloCircus,139227866,Moca
843,Vanilla,139119403,Daft
844,Headnod,138916016,5ir Prise
845,Yabai desu,138596866,Masakimoto
846,Tentacles,138341520,nesnalica
847,WaifuHause,138270617,Schuenzeit
848,ホロファン,137916002,Revenant77
849,HoloWaifus,137552380,Syl
850,Evolusi,137452818,Astra
851,Anime Club,137334855,Yuuki
852,iHs,137116204,MCMcEmcee
853,Twilight,137080507,Cherry
854,HOLOLIVE,136967060,Felnal
855,NyankoDays,136719204,InuDemon
856,Hololive 草,136332361,43to
857,Azure,136059942,Myuuri
858,Keklisto,136016358,Hammu
859,Gourmet,135965272,Genpaku
860,NeropolisB,135721901,RikrdoSK
861,BrasilPog,135586470,lavaral
862,Re:Casual,135480694,Kazuma
863,Kos Putri,135188372,YahNerd
864,Prydwen,135016516,Abstin
865,Unleashed,134832656,Lucas
866,Bakaforce ,134625699,Rem
867,Sinners,134571636,Gluttony
868,Shrimps,134563571,Onyx
869,We Gacha,134532332,Alvin
870,Inquisitio,134520788,Hamtaro
871,Gourmet,134499491,GThunter
872,Shinka,134474175,Rion
873,OtakuHaven,134373542,Otaku
874,Karylovers,134273796,Fujimaru
875,Gojo Fans,134217663,Ichigo
876,Teyvat,134151908,ランが
877,StormBlade,134148077,Hikai
878,BrasilTeam,133973259,Kemperson
879,gaming,133970548,coombs
880,Disconnect,133719207,dThursday
881,GachaHell,133700237,Euden
882,Pekora,133566367,Tsvkino
883,Tenryubito,133517713,Yui
884,Luminoux,133496894,LucidKarma
885,asianwhale,133189995,willydasis
886,3rdFaction,133014282,Rasoj
887,「水」Cafe,132976576,Yummy
888,Excelsis,132601897,Arcus
889,Chaldea,132359727,Rionne
890,Galeforce,132249061,Zrorro
891,Tentacult,131993157,Turtleblox
892,One Piece,131836130,Riku
893,F2P,131802836,Cukidesu
894,Pie Cake,131765627,Milk
895,PecosPecos,131581230,Mikop
896,NeverSlow,131535768,Banana
897,Yui Squad,131382725,Kazam
898,Familia,131363444,Cake
899,Explosion!,131215644,Megumin420
900,Okayuuuuuu,130784576,XyByte
901,HLS,130378658,Taishi
902,Latinorder,130096372,Touch Me
903,熊熊,130001392,Haikyaku
904,~ROYALTY~,129713905,Rubia
905,Snow Wings,129615614,Mikeowo
906,Princessl3,129180567,Sayu-chan
907,Hanami,129053316,Kenneth
908,AhjinGuild,128835344,DarkHero
909,YEET,128807610,Skeith
910,Lost,128564719,Winnie
911,Kawaii,128432017,Rahit
912,LoliZone,128418294,Bugado
913,Listyerzia,128258439,Haru
914,The Gamers,128202634,Kilik
915,Waifus,128174030,Tefari 
916,Salt Mine,128132152,Arcturus
917,WaifuClan,127841881,Madson
918,Waifuable,127678615,ZhongLi
919,GachaGamer,127671732,ayayrom
920,Futa Satyr,127628199,Satyr
921,Aesir,127256351,Master
922,Lalaion,127250170,Kaoto
923,G.Edifice,127203678,Nglolxd
924,Shrimps,127032845,SweetRain
925,Hololive,126971651,Solid
926,Lost Memo,126950077,Zador
927,☆STAR☆,126911636,SaH
928,Ataraxia,126810908,Greed
929,Crackhouse,126609904,Tizianone
930,DokiDokiLC,126230656,AyyySensei
931,Snow Foxes,126195519,Kireikou
932,Salty Club,125916634,Seeker
933,Karyl Team,125915190,Green
934,AEsir,125867071,RGrey
935,Re: Waifu,125717468,LordYogans
936,TeaParty,125500218,Brendy
937,IndoMilk,125438737,Jonny
938,TheS.fangs,125369766,yoriichi
939,Foxfire,125020049,Zhacobe
940,Leaf,124971651,toki
941,Shrimps,124961997,V H P B
942,SyNapse,124948182,KurumiPls
943,Otaku,124766052,Wolfe
944,Federacion,124708020,Arguelles
945,Cat Cafe,124405081,Tantris 
946,SadBoyHour,124263823,Val
947,KaedeTree木,124223615,Anly
948,Ichiban,123925665,Pleinair
949,Red Sun,123871384,Siegstorm
950,Bard'sKing,123841512,Loken
951,Weeblet,123682910,Kiyan
952,Breakfast,123567632,Uriel
953,Midnight,123515179,Yogi
954,MaouYuki,123412449,MaouNobu
955,Tron Thue,123295315,Atov
956,SinoAlice,123277839,ザ14
957,Ohana,123203984,s2eha
958,PANCASILA,123059090,Vince
959,The Nimdom,122875551,FЯИZYCHΛOS
960,TamBayan,122768549,TatloDos
961,A6-Clan,122707994,Yuuki
962,Violet Eve,122656912,Cheshire
963,☆Kawaii!☆,122523007,Mateusbpt
964,RoundTable,122410594,DJA94
965,HololiveBR,122148958,Gbporto
966,POGanitor,121977517,Takeshrimp
967,Okay Guys ,121894922,Minsoo
968,Shrimps,121802355,Bombboy
969,Kingdom,121787442,Mornstar
970,Kyaru-chan,121769615,Vaneki
971,WAIFULAND,121730328,Krylancelo
972,Aura,121363017,SilEighty
973,Mexico uWu,121338014,Alex
974,HoloClan,121332445,Akaiwatson
975,Adamant,121084354,Jake
976,Moo Crew,120941970,Coconutcow
977,GachaSlave,120735288,Samuel 
978,West Java,120638114,Gordvert
979,Endurance,120625353,BaddiNaddi
980,Applesauce,120335382,NBMG
981,Mapletree,120244482,TexasBf68
982,Waifu Cafe,120127547,DoctorDooM
983,GodWater,120099497,lildohjohn
984,Ecchi,119662274,Bre
985,1001Fetish,119638611,anak DKV
986,TeamHentai,119623968,Lumine
987,GrandOrder,119597199,Vaan
988,whataweeb,119527461,Nyrrikki
989,NekoNyan~,119467249,Rima
990,Yamete,119155172,SirDag
991,Kochiro,119004414,Isla Noir
992,Tentacult,118988306,Thelsil
993,Stormborn,118843793,Rondin2boi
994,Pain peko,118785151,Takodachi
995,(灬 ＞﹏＜ 灬) ,118654802,Jovanelli
996,LoliLords,118627575,Alejandro
997,Trevas,118615470,Pandinha
998,LogHorizon,118385778,OishiiBro
999,AntiRain,118353996,Berwick
1000,Sasageyo,118336597,Giyu
1001,Wai-Fu-Lif,118305802,EvaX
1002,LTeam,118297873,Leotwt
1003,Salt Inc.,118273567,Jhanz
1004,FrozenBags,118232378,Nobbi
1005,Franchuchu,118202798,Gin
1006,Celestia,118099466,Revelin
1007,Strelitzia,118010162,Sabi
1008,Squackers,117918152,Lucid
1009,TENGOKU 天国,117885350,JeForceX
1010,LewdMeidos,117650357,Ruruko
1011,Hololive<3,117649037,KuroSushi
1012,Reckless,117296680,Sloth
1013,Neo Blood+,117026644,Justin-San
1014,Princesita,116321753,NaoyaMX
1015,Lunaria,116173888,Kuro 
1016,A_IRL,116084739,Aps
1017,PogO,115964500,WarGrunt
1018,Behemoth,115927523,Tibbers
1019,Yabai,115915600,Link
1020,Eclisse,115914770,Darker
1021,Gacha Land,115908557,Kessah
1022,SevenCrown,115547801,Keimorizh
1023,Archangels,115345971,Ferris
1024,Undecide,115330656,Vissart
1025,3901,115268249,Skytire
1026,Fairy tail,115079357,Caleb
1027,Lotus Pond,114990356,Mase
1028,Simp Gang ,114987214,OhmaZio
1029,otokonoko,114907244,Zero
1030,ViLLAiN,114822619,jotarokujo
1031,Waifu Time,114643279,Yubi
1032,Vancoor,114588136,Novv
1033,F.S,114580842,Shiro26
1034,Komori,114568738,Zif
1035,Frontiers,114461749,Ayana
1036,Honey,114428287,Yuuki1011
1037,Hololive,114400082,Lasonya
1038,Insomnia,114347264,asoolin
1039,下雨了,114344228,雨2
1040,Verflucht,114065489,Fragarach
1041,GoldenZero,114042640,LuisOhZero
1042,Sleepii,113807426,Trungy
1043,FluffyTail,113662049,Donkay
1044,Cunny Gang,113240511,Lummi
1045,ClockCats,113173829,Nightmare
1046,Maid Latte,113104740,Mrswager
1047,Broke Gang,113098168,DG
1048,Lumilive ,113097233,Reiyu
1049,Loli clan,112617189,Foo Zhan
1050,M♡E,112377104,Aoi
1051,RecehCorps,112207768,Piloducer
1052,AetherLost,112082474,Lobo
1053,Adamas,111753191,Emil
1054,Noragami,111748279,Unyke
1055,DragonCage,111659021,Kxlor
1056,Yuru Clanp,111589878,tB
1057,Neko,111252650,Sle3pyBear
1058,Valkyries,111232652,Samus
1059,Takodachi,111003166,Tru
1060, Starlight,110625748,Cheliax
1061,Rat Gang,110540124,Quiescent
1062,OnlyFans,110525604,Lenka
1063,The Orzhov,110417379,Neo
1064,Sugar☆Life,110163766,Matsuzaka
1065,FGO ITA,109255779,Menga
1066,Atelier,109214355,Leviathan
1067,Waifutopia,109116367,Neet
1068,Sourcerors,109008513,Xemerian
1069,Maple,108922836,Cindrix
1070,PecoPeco,108888194,Jicho
1071,Potato,108582562,Yuuki
1072,WAO,108423399,Juju
1073,Nakadachi,108293387,Reckjam
1074,Gloria,108265147,Fate
1075,fuyu,108240505,over
1076,Clan Cake,107673465,Rara
1077,Shienka,107629362,Touma
1078,Requiem,107627423,Christian
1079,Dynastia,107480773,Marksou
1080,(ಠ_ಠ),107306030,Akiba
1081,Cultural,107288385,Eut
1082,Indo,107217986,Kanasa
1083,Takodachis,107011394,Blart
1084,Tokyo,106745666,Makoto
1085,Ryuken,106717043,Sora
1086,Rainbow,106467853,Luna Lilia
1087,italy,106424549,Mea
1088,REALITY:ID,106299704,Bianka
1089,MaximumID,106251054,MasketJr
1090,Hime,106187491,ran
1091,Daycare,105916080,Daddy
1092,Palamecia ,105871040,Ariito
1093,Hylarium,105749062,Kaadrova
1094,Summon Inc,105548717,DIO
1095,Hololive,105461142,Yago0
1096,Arknights,105445185,? ? ?
1097,Chaldea,105396022,Insertname
1098,Unicorns,105387920,Tasty
1099,Hygge,105166798,Kronush
1100,Lolicons,104889837,Jemden
1101,CUTE,104829682,LOLIMETH
1102,Loli Gang,104802885,Ding
1103,NestGaming,104758369,Troporange
1104,TensaiTeam,104758185,Ashcroitt
1105,Aoi Tsuki,104304247,Aka
1106,Kusa,104262669,Kiran
1107,Materia,104158870,Traver
1108,Waifu>Meta,104085893,Fighterzx_
1109,Yakumo,103977755,Mio
1110,Chile,103969167,Sounagix
1111,HollowLive,103942176,Daido
1112,Platelets,103524184,Zephyr
1113,Grancypher,103444017,Obsidian
1114,Edelfelt,103315484,Nikola
1115,NoFun!,103208701,Meda
1116,Evergreen,103185605,Yumiko
1117,Baka,102972597,Dunia
1118,Harbingers,102938906,Tartaglia
1119,Loligakuen,102907792,Rimuru三
1120,El-Melloi,102801727,Sean Bean
1121,Stardust,102779352,Serph
1122,Chaldea,102759672,Houtarou
1123,Scarlet,102648227,Leen
1124,HangryHime,102588764,Kenshee
1125,QueenConne,102541578,Emyyy
1126,Axis Cult,102348777,Gaelthas
1127,Re:Try,102333858,Griml
1128,PriconneLT,102323467,Dragnii
1129,Froppy,102315307,Goose
1130,Prinzessin,102251666,Oscarion
1131,暖かいサンダル,102226582,wasdbob
1132,Narukami,102125820,Naofumi
1133,Maple Tree,102105057,RHDx
1134,Mym,102073219,Euryii
1135,YorHa,102028212,Warlock
1136,FriendList,102016318,Sootchy
1137,Twiceland,102001161,Arswar
1138,Connector,101971255,Muse
1139,Paradox,101879022,Nero
1140,No Fluff,101825907,XenoXilus
1141,Neru愛,101724939,Fran
1142,OgHma,101607033,Kuro
1143,Valid Name,101391419,Raviel
1144,Bloodstar,101341530,zMrBacon
1145,Dumb Cat,101309969,Kafe
1146,Kuroneko,101302671,Kuroneko
1147,Tentacult,101256004,Tsubaki
1148,HOLOLIVE,101152817,Lolikyu
1149,Meta<Waifu,101039576,Rushia27
1150,Hyperion,101030617,Shin
1151,PlaWaifu,100866501,MiroYazawa
1152,RE:Goon,100865644,kirtar
1153,Croissant,100561391,Reizo
1154,Kimokishi,100363972,Kimo
1155,Rankawai,100342463,Adler
1156,Yubi Yubis,100337436,Moe
1157,Pudding,100324578,Ahegao
1158,Lolisekai,100311668,Meiden
1159,wadioooo,100181281,Natsu
1160,FatFish,100042629,Myuki
1161,PH GREEK,99982864,Muscullar1
1162,Night cats,99982079,Shadow
1163,KonAqua!,99926921,Konpeko
1164,IndoKnight,99922677,Rikusa
1165,Shrimp,99869778,Kevin
1166,ESR-FF,99868770,Danny
1167,Sugar Bell,99832277,i’m baby
1168,Suffering,99596678,Silver
1169,La Luna,99517001,Cricrane
1170,MoonNight,99171567,Moon
1171,Pantsu,99090832,Suv
1172,Force,98923314,Takuto
1173,Fated,98914870,Watame
1174,BoysCry,98804321,Akaza
1175,AWAKEN,98705656,Andell
1176,Kurzed,98578557,Berry
1177,Blue Rose,98436785,Matthew
1178,CAPPUCCINO,98295972,Aldreikz
1179,Valestia,98200892,Whisp
1180,Mallow,98144430,Nihi
1181,Fujiwara,98016797,Luca
1182,Pepegas,97937480,NoLuck
1183,Yubashiri,97914849,いいLucky
1184,Lockheart,97859159,Seraphina
1185,Degenerate,97619027,J4lt3r
1186,Enjoy,97408016,Avocajo
1187,Hololive,97113506,Kouman
1188,Based,97039922,Alan
1189,TrueLumi,96926643,Yuuki
1190,TapirCult,96879124,Erla
1191,*Eternal*,96748554,Zoro
1192,Grota N,95758189,Kamruz
1193,TOAD clan,95389959,Klet
1194,Clan 7,95306009,LifesDream
1195,Cadenza,95217796,Kyouhei
1196,Takodachis,95063526,Purin
1197,Hololive■,94937780,Diego
1198,Rumblebees,94774236,LinkHD
1199,CRIMSON,94460196,Sabre
1200,PrismStone,94438848,Jenesis2n1
1201,Ex,94438783,Jouhen
1202,Maple Tree,94436779,WanWanZi
1203,SevenCrown,94367524,Riri
1204,SAVATO,94259000,Yotsuba
1205,PekoLand,94193555,Grimm
1206,Pecorino,94000069,Soju
1207,CatIsLife,93751485,Zelk
1208,Sad Sharks,93697161,Obsidian
1209,Casual KFP,93564717,Ramus
1210,AAA,93454696,Psyiii
1211,Homura,93271879,Brojiro
1212,GachaHell,93244303,thefakeKSI
1213,5☆ Dining,93073671,Sonata
1214,Chuunibyo,93010261,SlashDog
1215,NekoPoi,92955766,Yuzu
1216,Astrea,92826930,E30G
1217,Pekoland,92736027,Yabo
1218,Guardians,92698054,Malone
1219,Hentai,92676287,NateDere
1220,Ragnarok,92361892,KazeNoRyuu
1221,Re:Astraea,92301057,K
1222,StarsAlign,92259985,Abadi
1223,Waifu Wars,92154848,Permafrozt
1224,Hololive,92029396,Rhum
1225,Holohive,91963053,Snowflake
1226,Bridge,91952811,Parsee
1227,Hestia Fam,91884469,Tm
1228,Floof Club,91868901,tocshi
1229,Lolicon,91827036,Dart
1230,Tiramisu,91798460,Kouhei
1231,★Lolicons★,91707759,Shiky
1232,HoloSimps,91648528,Udon
1233,Meat,91605294,Bobkornito
1234,Smug,91509484,Jiangshiro
1235,Requiem,91333891,Frilly
1236,Universe,91321572,ベルにか
1237,Shaaaarrk~,91211522,Storm-maru
1238,Weird Gang,91211109,Mickolas 
1239,YEPKOK,91175684,Dark
1240,PECOOORINE,91113183,MyCu
1241,AnimeGoons,91068259,Medix420 
1242,TeaGarden,90873005,Ryuuhaku
1243,LatinosLA,90867176,Naofumi
1244,Red Heart,90833625,I Am Crazy
1245,Requiem,90815392,Yurishii
1246,Re:Genshin,90657083,MisterFix
1247,Iron Blood,90470260,Ven
1248,Octavarium,90455385,Ryu
1249,Ganyu,90301498,Linkraye
1250,WhaleTears,90286473,Orli
1251,Memories,90263184,Eternal
1252,Waifu,90262695,Jude-kun
1253,Yubiyubi,90260990,Shinzou
1254,Reunion,90108007,Kio
1255,SCOURGE,90097827,wolffit
1256,Blood Rose,89808453,SKyMDX
1257,Celestial,89789975,Toushin
1258,Red Dragon,89694238,Kaneko かねこ
1259,SwordGirls,89679274,RateUpALie
1260,Homura,89603389,Yuuki
1261,Loliconne,89566446,Lulu
1262,Nousagi,89556456,Leaf
1263,Kagura,89533535,Winkmancer
1264,Lotus Neko,89533001,yamennya
1265,IsekaiHard,89523442,Kevinivek
1266,saltygacha,89469275,az89
1267,Indonesia√,89389534,Wind
1268,Pain Peko,89384615,Flaps
1269,KrustyLand,89298079,sausage
1270,Tanuki,89220029,Holo
1271,No Savings,89205734,Armando
1272,Naousagi,89094560,Yuuki
1273,Anxiety :S,89050144,husbando
1274,NoLife,89018597,Hazery
1275,Nyan Café,88999447,Milk plus
1276,Tempest,88991464,S
1277,Anime Cafe,88962860,Nico
1278,F2PGrind,88923371,Knight
1279,Borealis,88815255,BENE3000
1280,Isekai'd ,88716621,KokoroThic
1281,Nekonoyu,88656814,ZerD
1282,Dawn,88623088,Rice
1283,Ark,88603680,Velotte
1284,Kiritards,88483969,Houtarou~
1285,Pokecenter,88472110,Eri
1286,Baka,88470905,Alec
1287,HoloSimp,88436721,Gura
1288,Kuma Kuma,88408650,Aznpanda
1289,Niflheim,88345216,Fool
1290,FarmDwaifu,88321292,Irushia
1291,Shadow,88302695,Redgold
1292,Waifu,88218595,ChallPro
1293,Slacc Gang,88093349,bionic
1294,Pouet,88059211,JZ
1295,Embers,87765601,Angel
1296,Casuals,87690633,Arcanas
1297,Play4Girl,87648406,Katecory
1298,Waifu Corp,87513202,Maruko
1299,Envision,87490057,Vyrant
1300,Fun Island,87378093,Floyd
1301,Padoru,87355429,Skedrawn
1302,Lewdless,87102949,Glyph
1303,ClanGura,86988115,Roxas911
1304,uwu,86931117,Drea
1305,Neko,86811298,Zephyr
1306,Guardians,86806840,KidoSenpai
1307,Bread,86680621,Naobu
1308,MILFkers,86665011,ClaudeVR
1309,Shadowloli,86657052,Atho
1310,Chaldea,86605099,Raijin
1311,BottomLeft,86603956,Ragian
1312,FLMConnect,86571246,RoyerMex
1313,Pies,86532223,Duck
1314,Rose,86482633,Doron
1315,Aether,86093099,Naydra
1316,DeadWeight,85993040,BrokenGOD
1317,NeropolisC,85989914,Archer
1318,salty boys,85966166,Inu
1319,fripSide,85790879,DlanorKnox
1320,RAD,85653018,Gato
1321,The Boys,85596746,MamaLuigi
1322,Gacha gang,85593544,Oldboy
1323,GachaRider,85569979,MicDorf
1324,Cat Girls,85542705,Ziveko
1325,Pudding,85533755,Ammy
1326,Buttermilk,85462022,Lyrvazier
1327,Pekoland,85437976,ROM184
1328,LewdEmAll,85399495,yomyom
1329,Solo Level,85368803,Argos
1330,Hololive,85366546,tom+
1331,Aurora,85281735,Charity
1332,Splashstar,85180496,Kachidoki
1333,OwO,85133280,lAzY MF
1334,Hololive,84779866,Rauhnos
1335,DarkFenrir,84707914,Jeux
1336,Bilat,84687188,Saren
1337,Padoru,84562806,Gremlino
1338,Sky,84497673,Pepega
1339,Russians ,84429319,Korochun
1340,Sarendia,84429208,Char
1341,Kaiteki,84266128,Digi
1342,Fate,84253887,Spacewalk
1343,Utopia■,84107706,Oujimaru
1344,Kappa,84106731,ShuviDesu
1345,ZAWARUDO,84093843,DARK
1346,Moonlight,83994538,Alisha
1347,AYAYA,83938965,Bancho
1348,MoonNight,83914550,Frostou
1349,yagoo fans,83881463,Felin
1350,Yakuza,83780576,Yuzo
1351,LoliHunter,83733180,lenha
1352,Sunset,83702716,PokechuXD
1353,LogHorizon,83693473,SORA
1354,VALKYRIA,83662456,EtriusNg
1355,Waifuism,83607813,2D Waifus
1356,Lunatic,83550292,Lunaris
1357,Sintaxys,83539551,Amana
1358,Friendship,83514026,Baka
1359,エターナルブルー,83505626,Chase
1360,Zerobantai,83484315,Funek
1361,Aqours,83433481,otY
1362,Growth,83220710,Mikel
1363,Moonfall,83206667,Calugore
1364,Princesos,83202050,Kanemak
1365,Katsubaron,83196965,Yuuki
1366,WarungKopi,83165473,Kunkun
1367,DailyKuma,83163324,ELY
1368,TheKingz,83135198,IkkiKenta
1369,Tea Party,83114249,Gummy
1370,F2P Gaming,83090107,Waterb0ttl
1371,KFPWorkers,83054384,BlackStep
1372,EK,83040099,Iam12btw
1373,PhEagles,83025393,Ijras
1374,:) ,82861912,Rururu
1375,Memo,82823177,LuckyPlum
1376,Chile,82814883,Glas
1377,Azurlane,82786182,Davwdw
1378,Hazel Tree,82706452,Selvius
1379,Karyl Love,82640112,Veers
1380,Invincible,82604386,Darken
1381,Deus Vult,82598992,Montana
1382,Einherjar,82570814,Vayne
1383,MiddleMen,82562582,Charmy
1384,1Channel,82436941,Lawlicon
1385,Kuripop,82316131,Kuraishi
1386,HololiveSG,82220576,Kud
1387,Valiance,82144161,Valiance
1388,EggsOnRice,82000721,KyleCorey
1389,Nazarick,81994923,Frost
1390,Yagra,81994055,Somaka
1391,Neko,81962484,DBZ007
1392,Avalon,81840016,Riku
1393,HLQ,81799045,Kama
1394,Viet Nam,81761563,Chikato
1395,Anor Londo,81746524,Patches
1396,Chaldea,81640529,Tayschrinn
1397,Waifu Club,81623694,Baws
1398,PekoPeko,81478717,TraBuch
1399,Casual,81325561,Kaz
1400,TraitorCat,81288200,Linky
1401,KiKiCafe,81276626,Runner
1402,Spanish,81258480,Ignaya
1403,NETHER,81248144,Ryokki
1404,Clubers,81215550,Kuro
1405,BLANKET,81212055,TwoZero
1406,gura cult,81000230,Astra
1407,YUBI YUBI,80925284,Ren
1408,KnightsDen,80809275,Macbeth
1409,Shironeko,80785323,Thanthos0
1410,Opus Loli,80736146,Menelkir
1411,さくら,80703208,Echo
1412,W.flugel,80698720,bzrx
1413,Gestalt,80641218,Axelotl
1414,Alexithymi,80528811,Adachy
1415,Spain,80460335,Petra
1416,PotasioHQ,80444668,Fros
1417,Waifu Love,80378184,DarthBunny
1418,Ara ara ~,80321050,Wallace
1419,Happy Ara~,80256107,Hooves
1420,Introverts,80221450,Yuuki
1421,Idolradio ,80110188,Ichigo
1422,Kokkoro <3,80073594,Snappy
1423,ユキSnow,80039738,Icephantom
1424,Red Moon,80000327,Kami
1425,DripNation,79897203,Prince 
1426,#FREEWEST,79836078,Pepega
1427,TheSaints,79805488,NeoSeraph
1428,ChumBuds,79746930,Tony
1429,Waifu Hunt,79740906,Megamus
1430,YabaiDesCL,79729170,Nisesummer
1431,Holo DDs,79707937,BGhost
1432,TOBA,79703500,Hikki Crow
1433,Mym's bewb,79547027,AxellAI21
1434,Waifuable,79504694,Nezperdian
1435,Vysaltic,79460875,JudaiLD
1436,Chaldea,79450954,Yuuki
1437,T-Priconne,79337339,NicoGamer
1438,MoonLight,79297957,Winter
1439,Kokoropyon,79230989,Kirinodere
1440,Ascendants,79122063,Neo
1441,Pain★Peko,79000063,Falle
1442,[ S.C.D ],79000047,Haken
1443,Waffle,78995684,Waffles
1444,Watamates,78794518,Makironi
1445,Serene,78782959,Exshia
1446,R.R.R,78424240,Sora
1447,Lewd Cafe,78353578,Hafiz_YB
1448,One Piece,78339936,Miki
1449,Phantasia,78286107,Lammi
1450,Harem,78232929,Gluttony
1451,Wonderland,78172239,MLEANNP
1452,Espa■ol,78103540,Yuuki
1453,Divine,77871460,gaudio
1454,FrenchTeam,77865607,perpix
1455,SpinTag,77854575,Ennnnn
1456,Holosimps,77790164,Ikuto
1457,Indonesian,77783740,Knighthart
1458,Sakura,77498540,Tea
1459,Waifu,77470213,Nikson
1460,Simps r Us,77465331,Asthorashe
1461,KFP,77447656,Eldot
1462,FOTMCorner,77377911,Derisia
1463,Light Weeb,77354605,Liv
1464,Maple Tree,77302377,Aiza
1465,Aniki Tram,77226187,Aniki
1466,ReCrowe,77144755,PeTaiβX
1467,Evergarden,77003751,RimuruSama
1468,LatinClub,76873132,kerk 
1469,Peco★★★★★★,76863864,Meg
1470,Stardust,76842130,Tsukasa
1471,MancoElite,76840233,Ascheriith
1472,Pain Peko,76810447,Nito
1473,Aschente,76559123,Berserker
1474,Nekopoi,76219427,Garox
1475,CHALDEA,76090496,Sorey
1476,3; Banquet,76037362,Valex
1477,ABC House,76037281,Vlei
1478,Mnesmosyne,75965328,Akuma
1479,Resonance,75936154,Soul
1480,D4DJ anime,75755158,Lockon
1481,Infallible,75752513,Vahn
1482,KreamPie,75496143,Bean
1483,Loyalist,75446253,Durandal
1484,FANTASY,75366117,Krugz
1485,ratb00bs,75337460,Mar
1486,Eternal,75289049,Sonoda Umi
1487,Strife ESP,75287211,Tito_Lucas
1488,SAKURA,75065212,LLENN
1489,DimpleFam,75063610,Pat
1490,Succubus,75059826,Omni
1491,KawaiiClub,74757111,Misaki
1492,Cat’s Tail,74684245,Complex
1493,YubiYubi,74674478,Gyokuran
1494,PEKOLAND,74562470,Darriel
1495,UwU,74539407,Kpyrate
1496,Fatter Cat,74491305,☆ Snooz
1497,Naps,74488865,Sayanos
1498,Thighs,74435591,Odin
1499,NOAH,74434752,Sheera
1500,ThighsCult,74368225,Cziki
1501,HomeHearth,74365604,Arzee
1502,Arcadia,74353409,Noire
1503,nuko,74326404,bearbearGR
1504,Crossbell,74241236,Faker
1505,F2P clan,74187639,AcXais
1506,SugoiDekai,74168114,Torisutan
1507,SugarPlum,73992823,Kevin
1508,Lil Lyrica,73971215,Feral
1509,Pocachino,73968667,Poca
1510,Pridisco,73944590,Rikku
1511,■K-ON■,73867892,TeKilla
1512,Ecchi,73862087,MonkaS
1513,INDOguild,73789213,BARAgaki
1514,Gacha hell,73747184,Yuuki
1515,waifu,73699462,Leo
1516,THICCTHIGH,73608875,Hellraizer
1517,KawaiiCute,73552341,Melly
1518,Whale King,73544688,Devilin
1519,Malaysia,73433783,josuke
1520,Tentacult,73429162,Ryth
1521,Mikazuki,73377143,Yukinon
1522,Darknights,73353048,Uma
1523,GermanLife,73347988,Smashrobot
1524,LiF Pact,73203338,RemTM
1525,Noah Ark,73117798,Noyr
1526,Comfy,73070957,Cookie
1527,peco peco,73046437,Axel
1528,Dead Beats,73003822,Omni
1529,Neko cafe,72980908,NekoLam
1530,Royal Hawk,72959518,Hiroshi
1531,Astraea,72951547,Bishop
1532,G.Twilight,72899211,CloverPod
1533,AlpacaArmy,72882923,Kaito
1534,La Soleil,72865835,Andreas
1535,Usagi,72820223,Dorie
1536,Holosimps,72805576,Kaza
1537,LavaBucket,72653243,Aeryelle
1538,The Lounge,72456656,Zonza
1539,Idol Hell,72209234,Shafoe
1540,Akatsuki,72163112,Angelo
1541,Mythology,72140765,Rinn
1542,Legends■,72104716,Alexis
1543,HungryDuck,72051931,Suchy
1544,Fae Garden,71935883,Oberonyx
1545,Tekkadan,71893970,Nightmare
1546,Halcyon,71790044,Vic2x
1547,HololiveEn,71781774,Finicky
1548,YuiMilkers,71646638,sleepy
1549,Gourmet,71638108,Ivan
1550,pekoland:2,71512103,Loser
1551,Usagi,71471575,Shiro
1552,Hoshizora,71469353,Memo
1553,  HAACHAMA,71442283,hamster
1554,Waifus,71381770,Daylight
1555,SunsetTofu,71245382,Tohru
1556,Nousagis,71146919,Kuro Usagi
1557,Friday,71146368,SorbetQT
1558,Paladinia,70860043,Ark
1559,SunnyBreak,70844670,Aviator
1560,Germany,70818722,Joeru
1561,Yggdrasil,70805570,Kitsune
1562,Kopitiam,70716744,mehdokusai
1563,Flawless ,70698024,Aero
1564,Tea Party,70676948,Y33T
1565,Kishikunny,70650204,Kani
1566,Azgeda ,70643979,Lilac
1567,MoonCell,70618695,YuZz
1568,CWP,70594242,Z_Paragon
1569,Raiders,70582580,Yuuki
1570,Bears,70541151,DestroAnt
1571,Malaysia57,70529580,Miho
1572,Lolicon,70435502,Loligaps
1573,YagooDream,70402097,San
1574,Hololive,70353186,Nakihito
1575,Graniflora,70345257,Ash
1576,BB Brigade,70280450,Yuusha
1577,Nekorare,70266845,Zyrex
1578,HoloPatas,70118372,Sicc
1579,ULTRATHICC,70115609,GodThighs
1580,Maple Tree,70031601,Niv
1581,Epsilon,70022246,Kiria
1582,Tsunderes,69989915,Reki
1583,NGI,69984907,Keho
1584,SevenWinds,69956911,影(Shadow)
1585,LATINOSES,69920462,Liki
1586,Hololive,69903920,Senpai
1587,Hololive 2,69759776,Zea 2.0
1588,Worst Luck,69756867,Scrain
1589,TrymenT,69727294,Raian凌
1590,Error 404,69490138,Glowstix
1591,Overlord,69467355,awoo
1592,Nyancave,69446924,Chanh
1593,Free2Play,69426246,Zikki
1594,Eclipse ☆彡,69400055,Celesse
1595,Ragnarok,69400051,L0k1
1596,HoIolive,69349211,Irisu
1597,Madoka,69326085,Homura
1598,Arknights,69268053,Nhan
1599,Weisslogia,69201295,Tendo
1600,Ascend×Sky,69193531,メFukaGaー
1601,Magius,69192963,Xain
1602,Paradise!,69166747,Quasar
1603,Tentacult,69050065,Crimson
1604,Latinos,69035877,Dani ねきじた
1605,Tomodachi,69032405,Norido
1606,Yggdrasil,69018653,Velraine
1607,Phantoms,68842576,hollowjack
1608,Neko,68772530,Rily
1609,PUDIM,68744557,Kori
1610,Celestials,68659634,EsteIIe
1611,Freedom,68641583,Kaylan
1612,Solaris,68431782,Red of Sun
1613,Simps,68410363,Az
1614,『       』,68402456,Yuki
1615,MASTAH,68374699,Vlinger
1616,Meow★Meow,68307157,Kris
1617,Gourmet,68289194,maru
1618,青空の声,68269700,Red Player
1619,Kokkopals,68216502,KiddyCorky
1620,Stigma,68127999,TooSour
1621,GIIDXPR,68085270,akiraly
1622,VikingDojo,68027986,ShadowM
1623,Nightraid,67976381,Yuudachi
1624,ClubHolo,67906524,Indranic
1625,AhJin,67823574,Salla
1626,Coomers,67803398,Kakudip
1627,PriColle,67789829,Jerby
1628,Spica ☆,67767093,Red
1629,Valkyrie,67763165,Kouhou
1630,Naptime,67662461,Rin
1631,GranBlueF,67531543,Yan Verna
1632,Wise,67500392,Kururu
1633,PriKnights,67417513,Gerald
1634,Garde,67347253,Ash
1635,Avalon,67309619,Pendragon
1636,HoloLiveFC,67291212,Lucky777
1637,Fun Play,67269865,kleem
1638,RabiMoon,67209779,Raihan
1639,T H I C C,67058713,Kanon
1640,Shiny,67037929,Snapping
1641,HeroesPH,66932142,Syren
1642,LuckNut,66863148,Yuuki
1643,Cute Traps,66831523,Gost
1644,Vibe Team,66805329,Alexand3r
1645,Loli_Land,66795820,ChiDoKu
1646,Holosquad,66781906,Android21
1647,Canada,66762697,Rualdin
1648,LogHorizon,66485670,Knight
1649,PCR ESPORT,66419765,ehanehan
1650,ChillCity,66348250,Msk
1651,Yubisora,66341994,Pearl
1652,Iron Halos,66333963,Mason
1653,Holo_degEN,66289756,KariKira
1654,Mirakuru,66266857,Kesara
1655,Chill and ,66251528,Neela
1656,Aegis,66240819,Dysc
1657,Clown Town,66184273,Sahdow
1658,Arrinsees,66164322,Erl'aviasz
1659,Isekai’d,66135720,Dusk
1660,HTT,66089713,Boop
1661,H I C,66026980,Blank
1662,Exiliados,66020197,Raven
1663,■ＫＩＮＧツ,65913031,Itzjavi
1664,Wakipai ,65911296,Surplus
1665,Eternia,65872907,Lunia
1666,Dauntless,65781620,Nate
1667,Patas UV,65770277,Beta
1668,LKD-404,65751964,Lastjack
1669,USW 69,65717875,Kerry
1670,Ever After,65613340,Flare Eyes
1671,ToastyFire,65606480,Toaster
1672,Horny Jail,65602634,Kodex
1673,SimpNation,65585741,acriv
1674,Asterisk,65559360,ZedProX
1675,Atelier,65553236,Rimuru
1676,GachaSlave,65283448,Gen
1677,Diamantes,65281248,Salti
1678,StratsCo,65231663,Auth
1679,Sweet Love,65092373,Nanyu
1680,Archangel,65080130,Shikiシキ
1681,God's Will,65060695,Migurashu
1682,Eris Cult,65058587,Megumod
1683,Gourment,65031498,Fional
1684,Thighble,64965240,Shadvi
1685,I<3Ritchie,64954738,Ja
1686,Waifu-R-US,64904879,Chaos
1687,Hololive,64823426,Hololive
1688,Beanpole,64769818,Pohtayto
1689,Bonkers,64754557,mikop
1690,OwO,64701135,nudelholz
1691,awooo!,64690113,Michiko
1692,Gremlin,64639690,Cancrey 
1693,Oni Fans,64466553,Kendy
1694,Odd Jobs,64457002,Edo
1695,Awoo~,64441400,Gauthaus
1696,Banished,64370938,Galahad
1697,Whale4Real,64343233,Natsumi
1698,RIHQ,64276265,IdeIdoom
1699,ShamiMomo,64239767,foxyfeint
1700,ROMANTIC,64222218,Spiral
1701,Roat,64217805,Seraph
1702,Re:Zero,64106452,Jaxboc
1703,DGenerates,64071979,Itou
1704,Nakama,64048359,Cordelia
1705,NightCrow,63931993,Han
1706,khight,63859573,urvie
1707,コッコロ可愛い,63816943,Yuukintil
1708,Donburi,63710613,Kon
1709,Gourmet,63686061,Seneko
1710,TeaBrewers,63656440,Voradix
1711,Lazy knigh,63654411,LazyGoo
1712,BigChillin,63614552,Pai
1713,AmeSame,63611850,M3lonFox
1714,Dragoons,63611136,Slifer
1715,Spectrum,63513991,NekoPeco
1716,ItsClan,63497740,Ghado
1717,Risu☆Squad,63476208,Kongol
1718,Nova Storm,63399124,Jacyn
1719,Foxfort,63398507,Inre
1720,OxO,63359800,Harpy
1721,Top,63334682,g0d
1722,OkaKoro :),63309424,Quyn
1723,ArgenSimps,63270973,Kanishka
1724,Hololive,63236422,OkaKoro
1725,LunarFlare,63181042,Frepirit
1726,Skyfarer,63103543,Snow
1727,TMNT,63097286,Cynical
1728,Waifu,63081926,KiltedGoku
1729,nHentai,63033734,Touma
1730,Loli,63001983,Al
1731,AsaCoco,62855076,Mugen
1732,Brasileiri,62795167,Alka
1733,Kaiju,62790872,evol128
1734,Green Tea,62783859,Vann
1735,Black Hawk,62769770,LLVegas
1736,Tea Sect,62754740,Renamori
1737,Vanguard ,62697945,Ezra
1738,Runeterra,62693880,Yuuki
1739,SinoArc,62658254,青い
1740,GachaSalt,62519922,Sarcun
1741,Prismatic☆,62504674,HellxBunny
1742,Zeppely,62500355,Amaya
1743,Apple Pie,62452537,Ryoko
1744,WhiteWings,62399586,Ruri
1745,Top Nep,62390258,Ryzael
1746,wata-mates,62373529,Ueashiu
1747,MoeConnect,62353172,Abell
1748,Abyss~,62327566,Shyzune
1749,Purinsesus,62325402,Gerblin
1750,KuroBase,62243390,Solkuro
1751,LatinoS,62200065,Sasami
1752,Bujankers,62200053,Holyranger
1753,CASUL,62200043,LingYushi
1754,Exodus,62180678,Luxai
1755,Latino,62057539,Shippu
1756,DxD,62054515,Andrew
1757,Horizon,62004027,Nathaniel
1758,NayeonMY,61880348,Manz
1759,NapWolf,61813482,Kira
1760,Kuroneko,61743709,Shina-Oppa
1761,Peko-peko,61712303,Haakumin
1762,KFP Kiara,61698115,Eu
1763,『』,61597369,Kurisu
1764,Isekai,61587641,Vanilla
1765,Spotify,61516119,RZ
1766,TheBeehive,61504070,Skattack
1767,F2wBtw,61354339,Amadeus
1768,Star Game,61319471,Remstar
1769,Babel,61252004,Huhu
1770,SmallBewbs,61192696,K
1771,Lazy,61192638,Azure
1772,Regulus,61164507,Kevin
1773,Miku,61121934,Stefan
1774,Pepoga,61082248,Terracus
1775,Synergy,61020548,Shatra
1776,Dark Triad,60934450,Subaru
1777,ぎゅっと,60889213,Mashiro
1778,Loli4lyf,60825016,Noble
1779,Chumbuddy,60679438,Gogooma
1780,PecoPecos,60678980,Helix
1781,N!GHTMARE,60624793,Eustiana 
1782,Sangria,60589742,Xolius
1783,BB Team,60537444,Sasha
1784,Yubi Yubi,60498779,NaOta
1785,Remnants,60481165,HikaYuki
1786,Hololive,60435102,Vielestian
1787,JailTime,60423140,Yuuki K.
1788,Ellesmera,60421171,Asinickle
1789,PriCrusade,60412563,DankMudkip
1790,TeaParty,60385586,Little
1791,Genesis,60377730,ゆきはな
1792,Pain-Peko,60155029,hagikaze
1793,Guardians,60147046,Khalil
1794,VETERAN,60146876,Ally
1795,DND,60091548,Deldiablo
1796,F2Pobres  ,60000975,Max
1797,Alfitaria,59930116,Aragos
1798,WaifusOnly,59893042,Kin
1799,Subscorpze,59876522,Yuuki
1800,Team Bread,59810814,upg
1801,Rift,59733404,Yuuki
1802,Manaos,59712609,Supaa
1803,BloodShift,59704488,Wewow
1804,The Azure,59704334,Genn
1805,Axis Order,59630943,Thommy
1806,SOSBrigade,59616734,Haruhi S.
1807,Gooberland,59550235,FuzzyMoney
1808,Nurikabe,59422441,Cheetorito
1809,Kokkoro<3,59409511,Viking
1810,Hololive,59389149,Kuza
1811,Sweets―●○◎,59342083,AeschenRE
1812,Derp,59306495,xDB00BxP 
1813,Phoenix,59218052,Leonhart
1814,Choco,59213495,Puzzle
1815,PainPeko,59170384,Rui
1816,The CUTEST,59056289,SASHA
1817,Azure Wind,59050147,Will
1818,UsagiHouse,58947507,つゆざき
1819,Hydrosol,58946223,Takumi
1820,Melon Soju,58885792,Jmsirrah
1821,Waifu Love,58777741,Evenkuruga
1822,GGG,58697306,Tomo
1823,MimiCorp,58626865,Quarky 
1824,Holoweebs,58597536,Webtaz
1825,The Legion,58583927,George
1826,SicarioPMC,58582299,Monarch
1827,Night Owls,58556105,BX33
1828,Apocalypse,58547760,Uub
1829,DEADBEATS,58458505,D
1830,Yabai,58446379,Fabioh
1831,Plus Ultra,58390661,Flipflop
1832,Hololive,58385619,Uberoj
1833,Chunchun,58026593,Blaze
1834,Hoshiyomi,57988407,PunOko
1835,Hestia Fam,57980541,Alex
1836,Trash,57972774,Pigeon
1837,NewYear,57949652,Redo
1838,Empress,57915408,Zhangar
1839,S.O.N.G.,57841238,Ven
1840,NEET 101,57736572,Lanz
1841,Paradise,57708932,Admiral
1842,INDONESIA,57699646,Alex
1843,Horny Jail,57636682,Bohntron
1844,-=VALIANT=,57569287,Veyli
1845,MATCHA,57528492,Kurumi4
1846,Hololive,57516455,Rushia
1847,Snowflakes,57515021,Snow
1848,Waifu-Roll,57491183,Yuuki
1849,PekoPeko ,57470136,Vares
1850,☆Valkyrie☆,57444751,*Valkyrie*
1851,Grimgar,57382523,Mikko
1852,SilkySquad,57345056,Kaizaki
1853,Blueshark,57249940,Regius
1854,DewDrop,57221375,Yuuki
1855,Comfy Crew,57112045,Lushflare
1856,Tatakae,57044209,Kuchihige
1857,Red Star,57019692,Truckkun
1858,Polska,56955768,Piotr
1859,Io,56871360,Exia
1860,Specter,56830360,Gloopy
1861,Sarendia,56826525,Mama Saren
1862,Shalinis,56826064,Arcardial
1863,Abyssals,56822352,Via
1864,RedvorTeam,56749286,Redvor
1865,.Hack//Fam,56732319,.H//CAM
1866,Videogame,56717461,Flonnel
1867,BlackEagle,56642075,Toshiro
1868,Wolhak,56637059,Erthkwake
1869,CUNNYSEURS,56631907,tanaka
1870,Resonance,56606572,Cypher
1871,Brotakus,56564122,Beta
1872,4 Horseman,56524038,FPKitten
1873,GranConLos,56513172,Aquastic
1874,Lumina,56480183,Mathew28
1875,HoloStans!,56474959,Spank
1876,ThightsLuv,56298328,Relgad
1877,FunBuddies,56220958,Hadarios
1878,CRIMSON,56148978,leham
1879,MIRU,56121365,VKiwi
1880,RantaKou,56119743,ghozzil
1881,Nekotsuri,56091221,Kaito
1882,Too Tsun,56073194,UpDawg
1883,Salt Guild,56057410,Cappy
1884,Black Cats,56043709,Slime
1885,NeoBushido,55967583,Yuzu
1886,Aselia,55947886,Hachi
1887,Fate Alter,55906459,Mistuha
1888,Gullwings,55760185,Pez
1889,FGO Master,55527076,Zenexin
1890,Phantom,55433141,Takurami
1891,Akatsuki,55411578,Sharuf
1892,FgoPlayers,55398094,Fluffy
1893,MagicGents,55305694,Alores
1894,WhiteLotus,55299301,Lanius
1895,Hispanos,55287656,Karel
1896,LwLs,55280045,kazu
1897,Tentacult,55247120,Patty
1898,Eden,55221474,Rinne
1899,Evoke,55161899,Leo
1900,Depression,55052990,kolokasi
1901,Insomnia,55028808,melancholy
1902,RYUSEITAI,54970599,Yumaru
1903,Avalon,54935929,Steel
1904,『　』,54846298,ToraBlan
1905,PuddinGone,54840177,Hikki
1906,Explorers,54815907,Argo
1907,WaifuCrew,54755788,Tanggg
1908,OwO,54504125,Loli
1909,Nijisanji,54444396,minatoaqua
1910,OnlyWaifus,54389182,Xanav
1911,Yamaoka,54386280,JyGodot
1912,F2P,54386223,SimpSlayer
1913,Skyfall,54367364,KaiserReo
1914,Wazzhoi,54294952,NoWNoL
1915,Alencia,54248823,Vanhai
1916,Tsundere,54233900,Mudkipz
1917,Zekken,54186925,Hikari
1918,Rumination,54127554,Rumi
1919,CuteNFunny,54125863,J@m3s
1920,Esperanza,54109883,Jake
1921,France Fc,54093050,Sora
1922,ホロライブSimps,54060766,Pandora
1923,Blue Lions,54003906,Chai
1924,KumaKuma,54003459,KiYoTaKa
1925,lightz,53996715,akirano
1926,Re:Connect,53992321,maulana
1927,SaltyClan,53986579,Salt
1928,SetSail,53907188,DeadlyCat
1929,Mirage,53836750,Ace
1930,C.V.B.W,53816352,Iuri
1931,DreamChase,53655676,Ruka
1932,Realize,53571981,Luthica
1933,Pantheon,53486880,Rain
1934,Excalibur,53472656,Rayxus
1935,Waifu Cult,53456877,Ocnyrf
1936,PrinCEsses,53352113,Cal
1937,Destiny,53291919,Yunaan
1938,Wicked,53198051,Neiht
1939,KFP Crew,53074746,KFP 404
1940,VG-Might,53019553,Rihard
1941,Dragons :3,52996596,MajimaGoro
1942,FullMoon ,52991482,FXFLAK
1943,Blackpink,52956224,Bo
1944,Waifu Café,52947250,Vynatsh
1945,Holosimps,52923595,Kkmo
1946,Czech,52906847,Anie
1947,Kemonomimi,52894979,Naos
1948,HoloCirCus,52891380,EBay
1949,CinnaRolls,52787991,Yuuki-P
1950,~Lullaby~,52769925,Luiby
1951,Low Maint,52758298,lam1nat0r
1952,Granblue,52657538,Yuuki #2
1953,Yomi,52608391,Ibuki
1954,EZPZ,52585069,NM_RJ3
1955,FBI Bros,52549829,Trevor
1956,MagicalPaw,52543423,Mako
1957,Xeno Cat,52522093,Arisato
1958,Tempest,52486319,Zero
1959,Empanadas,52480987,Esteban
1960,The Borg,52457705,Anchovy
1961,Tea Time,52457596,Sketch
1962,CrimsonVow,52381686,Iridium
1963,Mexico,52347160,KaHoZ
1964,IndoKnight,52331796,Exchaa
1965,KokkosKids,52254660,Shion
1966,Sinners,52217370,Wahyu
1967,Brightside,52192358,Yamcha
1968,Anime69,52144961,Crystalax
1969,La Grasa,52116523,Yuuki
1970,No to NTR,52097935,NTR
1971,Yagoons,52088551,Loheb
1972,Yandere,52057050,Chi~chan
1973,Spaghettea,52001017,Tricktail
1974,Epiclietta,51984282,GoodyGlady
1975,Food party,51798247,Yuuki Kun
1976,FERDA ,51671662,KioKamX100
1977,Typhoon,51614005,Indolo
1978,Omega JV,51575670,Lord Venom
1979,Vanguard,51554112,Wendig0
1980,Starlight,51553042,Sabrina
1981,NoBlessee,51518654,Blue
1982,Tilted,51440700,Luan
1983,Death.,51433679,Raze
1984,ShinSekai,51393420,EruHime
1985,Moonlight,51366571,Thana
1986,Ger Otakus,51355338,IceWulf
1987,OGEY,51279350,Paganex
1988,Ara ara,51225594,Red
1989,Kawaii,51215297,Shiro
1990,Chumbuds,51202325,Mydnight
1991,Kiseki,51158261,OmegaSix
1992,OYASUMI,51153602,nyaa~(NPC)
1993,Crimson,51109663,Artsia
1994,Plan B,50941729,Eukorys
1995,QUANTUM ,50915422,Bruh
1996,Kurigohan,50893806,Benja
1997,Glory,50888945,Christ
1998,Stargaze,50837233,Kara
1999,BP Energy,50836155,VPreetyMan
2000,Kuroneko,50689011,Sordro
2001,Mofu Mofu ,50685181,Krumbzz
2002,Cuties,50659393,Mski
2003,War&Love,50629130,Koutei
2004,Anxiety,50619929,Yuuki
2005,Foxscamp,50605131,ChrisSP
2006,Gourmet,50583128,Flygongirl
2007,Dragalia,50505835,錬金術師本
2008,Jojos,50496312,Dogtor
2009,ERIKA,50487209,MakoRe1zei
2010,Torettos,50467095,Aeruna
2011,Cute Funny,50386057,Dany
2012,Comfy,50345972,Ahdok
2013,Real clan,50340248,Realhours
2014,Orion,50323590,Micamin
2015,LDX #ITA,50299118,Hakase
2016,Letitsnow,50255744,Xugoi
2017,LeFamien,50031370,Drei
2018,KokkoroKK,49970504,Loyal
2019,Gacha Hell,49970145,JoePDC
2020,Tentacles,49948589,Fiendish
2021, Chaldea,49942644,ArosAdeu
2022,LoveHolo,49718112,Raien_Ryuu
2023,Hoes Mad,49700652,Vayna
2024,HappyGirls,49699271,Tleil
2025,Ojou,49674974,rzurdg
2026,HEARTBEAT,49662918,Cat
2027,Luminance,49562031,Disaya
2028,Teamates,49560555,John Titor
2029,Anime,49545404,Bill
2030,Quitties,49531688,Quitte
2031,Prominence,49526694,Aldi
2032,MoeClan,49511557,MoeGift
2033,Red Dawn,49493758,Yuuki暁
2034,Swow,49473896,Akamesha
2035,July,49433074,Yun
2036,Ashen,49384122,Fenix
2037,TrashLords,49381851,Chubbadiah
2038,Hololive,49373394,UMyuuki
2039,Big Cheeks,49295996,Shigs
2040,PainPeko,49292395,Larry
2041,Pharaohs,49284270,Shamo
2042,HOLOLIVE,49226614,Zeph
2043,KFPBirbs,49198427,Richard
2044,Z Shrine,49195650,Xumi
2045,Lunar Halo,49168377,Yuuki
2046,Waifucafe,49159130,BuuBuu
2047,Valencia,49147401,Koyomi
2048,The Boys,49105077,Jeremy
2049,The Bois,49085606,Gorth
2050,Daylight,49034699,Torodora
2051,PrinCo.exe,49002196,Crystorm
2052,Indo GM,48943814,LuXia
2053,Gk007,48924909,Renitos
2054,Phantoms,48876528,Digi
2055,ArchAngels,48839008,Luiz
2056,Zon,48809451,Insanity
2057,Requiem,48761275,Riaru
2058,Casul,48751670,Sato
2059,CG Crew,48688672,WolfRaid
2060,Kiseki,48605072,Reese
2061,Light,48574353,Lulu
2062,GachaAdict,48490795,Danix
2063,Frivolous,48489852,Penlex
2064,WhiteLotus,48477155,Doradoxl
2065,Nekobaka,48452654,Kam
2066,Waifu Lane,48452237,Lord Azian
2067,ACCOLADES,48424173,keweto
2068,346 Pro,48261789,Whenruhr
2069,Adventure,48201566,Pedro
2070,ENEMIES,48185537,Fancyna
2071,Daijoubu ,48153821,Phongfrack
2072,ワイフ集め部,48120159,レンスちゃん
2073,Bunny Boba,48108500,Kiari
2074,MemeBoys,48060125,Thai
2075,Genshin ,48012330,Das
2076,SleepyCat,47962521,Reef
2077,WaifuColle,47928312,Hika
2078,Paranormal,47925395,Soda
2079,Azur Lane,47924276,Spencer
2080,Reverie,47899466,Fuji
2081,Egirls,47819656,Nat
2082,Peko peko~,47678142,Laieon
2083,TurtleClub,47676232,Misha
2084,UsaKen,47641770,Kento
2085,Latinos,47602991,Siore
2086,N&A,47550546,Gabriel
2087,KokkoPits,47479430,succ
2088,Lazy Clan,47474173,LectorX
2089,Thorn,47472435,Nicholas
2090,Maple Tree,47464120,Komorebi
2091,Pizza,47457217,Thirsion
2092,Yoshinoya,47430438,Taiga
2093,Re:Union ,47342056,Rucian
2094,Nanora,47337824,SammySlug
2095,Liyue,47329660,James
2096,FoxHound,47198766,Shade
2097,konpeko,47152375,Ruby
2098,Matryoshka,47146432,McDerp
2099,Heavenly,47089934,Sorrowpath
2100,WeebVibes,47078684,Icer
2101,COLORLESS,47071218,Gund
2102,Luna,47066510,Sakuya
2103,FanTizer,46957746,Tensei
2104,Hololive,46942772,Gplus
2105,Monke,46940815,El
2106,pain peko,46926634,Maki
2107,765 Pro,46922787,Soft Butch
2108,Re:Skull,46893748,EZ
2109,Phoenix,46811563,Enraged
2110,Minus Clan,46809288,Minus
2111,UwU,46801959,Silas
2112,Wonejo Go,46738051,Shinra
2113,O KAWAII ,46690605,Twoearle
2114,OwO,46676797,Meteor
2115,C O O M,46663035,Kireiki
2116,Tea-Time ,46563250,Yuuki
2117,Coffee,46560108,Naruteru
2118,Gensokyo,46545583,Shuncito
2119,Team Toast,46490259,Morioh
2120,Gomen yui,46465151,Kokichi
2121,Crazy Cat ,46368622,Dekozagu
2122,Hell Fish,46354070,Eas
2123,Mt When,46352428,Ryuna
2124,Maple Tree,46336413,Faust
2125,Hee-home,46304834,Ryougi
2126,YA BE,46301854,Rezi
2127,Divine,46265729,Kaa
2128,Nyandere,46244193,Blanc
2129,Chunibyo,46226977,Akira
2130,Telesto!,46212771,Heart
2131,Hololive,46212596,Dan
2132,Leverage,46188015,Alyxx
2133,Kokkoro,46181763,Johndonne
2134,Cipher,46139473,Pache
2135,Celestia,46137212,Iris
2136,Re:Stars,46072215,Simon
2137,Harmony,46015780,Cho
2138,Amaretto,45921277,Amariyo
2139,Rexecius,45823167,Kyarun
2140,Vibers,45763250,Sophie
2141,Hylian,45758492,Okuuro
2142,Peace!,45636525,Kasumi
2143,Pain Peko,45625258,iNeedToKms
2144,Chaldea,45617717,Yuuki
2145,Ragnaroth,45578149,Hayate
2146,TeaParty,45564061,Envelopes
2147,Nyalliance,45519307,Nyanko
2148,Eternalia,45484195,Esthenia
2149,BREAD >_<,45477342,RicePuddin
2150,LESBIANS!!,45432257,Cat
2151,ChocoCoven,45431851,alzy
2152,Celestials,45311644,Aleks_Game
2153,Gourmet,45288686,Yuuki
2154,BigMuscles,45278584,Bechtel
2155,MoonBrook,45258445,Omar
2156,Gentlemen,45215494,Kirime
2157,Etria,45215078,Highlander
2158,Pricon ESP,45179833,ABysS
2159,dragalia ,45119692,Jo
2160,Georgias,45071537,NAYWAY
2161,Acedia,45056185,Leniar
2162,Otakus!,45025461,Saitou
2163,CoSine,44984627,El
2164,Divina,44881074,Kotori
2165,PecoKnight,44878865,RyoTheMole
2166,Gurren,44864138,Boomstick
2167,Grindr,44764604,Broski
2168,Lastation,44750105,Raiai
2169,PekoPeko~,44687963,Subaru
2170,LatinPeco,44681954,Shirokari
2171,Zero-One,44658703,Jetty
2172,Axis Cult,44545127,Yaksha89
2173,Ako Harem ,44544854,Yoloswag69
2174,Grancypher,44516628,Grimnir
2175,Bonk jail,44493879,Light
2176,Frog Squad,44467975,サトシ
2177,Fairy Tail,44407319,Frits
2178,Nap Attack,44394638,Zero
2179,Last Ramen,44346269,Ragorr
2180,wibuzz,44274442,krupus
2181,Fae House,44259706,Zera
2182,QuantaLGX,44220014,NotShy
2183,ZerOrigin,44201228,Yuuki
2184,Degenerate,44125478,マホ
2185,frenchkiss,44016903,Pirith 
2186,Food Time,43987901,DarkRuler
2187,Loli Cafe,43945039,Kachinga
2188,Nightmare,43891037,Zetrec
2189,Cat Cafe,43854007,Amy
2190,FlameGuard,43817779,Mana
2191,Fairchild,43790360,Kou
2192,RisenDemon,43772233,Bell134
2193,WAIFU HUNT,43638530,Sigure
2194,Nakirigumi,43637805,Jimothy 
2195,LoliPolice,43614258,Fenix
2196,Shrimps,43546955,KJTx
2197,Blank,43536644,Dem515
2198,BraveWings,43509744,ProtexJT
2199,La Fenice,43439381,Akihi
2200,Nekomata,43410572,Aleine
2201,Hope’sPeak,43406597,Kokichin
2202,MoonPalace,43359456,Usagi
2203,Amaterasu,43328977,Adrian
2204,Black Drag,43318099,LuManchu
2205,Noobie,43317655,Erikku
2206,グランサイファー,43303619,Zooasaurus
2207,Waifu R Us,43246078,Andy
2208,Wisteria,43236909,Aeternus
2209,Iguanas,43235320,Kokoyou
2210,Oathkeeper,43229252,Yuuki
2211,LimaTerege,43225065,Limax
2212,OmniReader,43209883,Imhotep
2213,Pizzeria,43147773,baccano
2214,TNJ,43132742,vander
2215,Some guild,43111031,Yuuki
2216,AngelsTear,43110413,Retko
2217,ShadowLord,43068705,Beefpaste
2218,RICECONNE,43053184,Mint
2219,VTube,42950991,Tenshi
2220,1421,42905105,Nube
2221,//JJK//,42884261,Loclgorila
2222,SPstatus,42883907,Pain
2223,Debauchery,42883611,DUCKYMOMO
2224,Hamyakuza,42840214,Zero
2225,FeintXStar,42835276,3ucc1
2226,KuroNeko,42773405,Charlll
2227,UsaKenCorp,42761060,TKSM
2228,CBT,42745394,Seiun
2229,KuroNeko,42730034,FrostCeph
2230,Grand Blue,42718360,Kadrega
2231,Granblue,42693165,Cloud
2232,Fancy,42667761,Glacier
2233,Sanba,42636537,Tori
2234,ODS,42608478,weakedsick
2235,Bangarakaz,42543878,Yuuki
2236,HoloShrimp,42506202,Asta
2237,Tsuneo,42505820,Mitsuki
2238,Starbound,42473675,Jery
2239,TakoYaki,42463317,Tsukioku
2240,Loli,42415028,Loli
2241,~Lolipop~☆,42414554,Waifu_Hunt
2242,The Crowns,42381826,Enzedder
2243,Amerikajin,42351080,Balthasar 
2244,Kira Kuin,42318735,Chrystofax
2245,Everdank,42246867,Sync
2246,Hololive,42150853,Mystarine
2247,Comfy Zone,42148725,Ezel
2248,MX Clan ,42147188,Vico 13
2249,MoriohCho,42146887,Howie
2250,Tsukki,42109581,Yorae
2251,TeaParty,42067905,Adel
2252,~ Cocogoat,42049559,Arbiter
2253,Chaldeans,41869382,Clidy
2254,Darknights,41838572,Rextreme
2255,★Magpie★,41792708,Zulumax
2256,LaLiLuLeLo,41763080,Kiko
2257,WFH,41722901,Selby
2258,Salt Cave,41704694,Kwang
2259,CatHeaven,41656977,Luka
2260,Clan Nutsy,41642073,Azure
2261,Journal,41633897,Elaina
2262,F2P BTW,41567645,Jasper
2263,Thigh Edu,41556712,yoma
2264,WisdomStar,41552328,Yuuki Anto
2265,MmhhPatas,41543802,JohnHunter
2266,Tempest,41542823,Remuru
2267,GooberGang,41541527,Goobah
2268,Stray Dogs,41534016,ソラ
2269,Holo live,41505794,Suisei
2270,Fairy wing,41444679,Nakano
2271,NekoPuddy,41381959,PsyMarth
2272,Watamates,41373486,HaHatdog
2273,Reformed,41325521,Aster
2274,CurryKatsu,41286124,勝 / Katsu
2275,PurinPuree,41281148,氷ナえもん
2276,DarkAngels,41279759,DnMaruchan
2277,Maple Tree,41208960,Luna
2278,Oberon,41097861,Malfestio
2279,Itadakimas,41096058,EdKY
2280,Akiba,41070738,Marihan
2281,Nekos,41059008,Kiruno
2282,Hero Den S,41055360,MeteoAcE
2283,Chaldea,41025338,Yuuki
2284,Glimmer,41010685,Gui1123
2285,Celestial ,40973102,Pollenyo
2286,SilverStar,40946254,Colin
2287,Neko Lair,40925969,Svellea
2288,AYAYA,40923929,Nosel
2289,JIFFU,40876563,Fukuro
2290,GachaGacha,40823078,Chris
2291,Firdaus,40798748,Skai
2292,Gachahell,40794054,Toya
2293,Crusade,40764524,Trynelkex
2294,EspanolPri,40760662,Fayrux
2295,Huuthicc,40723015,PulloutK
2296,Orbit,40692403,Sunset
2297,4FUN,40603974,Greaver
2298,Celesty,40554900,Shade
2299,cozy,40538306,himura
2300,Just4Fun,40490408,Jeremi
2301,espanol xd,40471694,mauricio
2302,Dreamers,40453296,Val
2303,Jellycarp,40450758,Eru
2304,Pee Clan,40425878,Roymeter
2305,RavenTail,40408079,Pendragon
2306,DragonMaid,40384689,Esrevatem
2307,HPT,40373747,Omo
2308,SANTCUARY,40337535,PurpleOnix
2309,UwU Squad,40321561,UwU
2310,ヤバイですね！,40314054,Luffy
2311,RevolvingD,40313687,Aiko
2312,Garden,40302631,Elma
2313,Gura Pats,40293434,Eric
2314,Kitsudon,40290823,byo
2315,D’Exvius,40274025,SkyYN
2316,NightRaid,40261175,Rain
2317,Relax,40256995,Aist
2318,Samsara,40244752,Piersuwu
2319,Waifu Ace,40157981,Rave
2320,Seaworld,40109288,haimin
2321,BHINEKA,40099772,Latham
2322,AhjinGuild,40078643,Redgrave
2323,Autumn,39944345,Darklord
2324,<NAMELESS>,39897066,Athrun
2325,Fandead,39851410,Numinose
2326,UGD,39836881,Ikoma
2327,WeebGuin,39832266,Zetaria
2328,Aether,39821212,Vanyfraise
2329,Melodic,39818316,Toryama
2330,ZeOmNiChan,39725599,Emiya
2331,Luv(sic),39697461,MIXtempo
2332,The Lost,39695962,Swatty
2333,Idle Himes,39638385,Reaver
2334,Zakuraido,39631402,Zaku
2335,li77lelits,39626632,ユーキ
2336,Ahjin,39598236,David
2337,Newbie,39543117,Rakkasei 
2338,Tempests,39537819,Kwems
2339,KatsuKare,39505034,Katsu
2340,BoekDancer,39486106,Waffle
2341,Shirakami ,39481311,Afureia
2342,LatinPudin,39455945,J3TBruno
2343,GoldenDeer,39425303,Kaitoku
2344,MAZOnians,39422285,Izzy
2345,チョココロネ,39408880,ゆう茶
2346,Paradigm,39372045,Adam
2347,Owlcat,39303590,Striku
2348,Celestials,39277679,Gray
2349,Nevermore,39272267,Poet
2350,OtakuSloth,39207021,Warius 
2351,Chunbuds,39183206,Formula91
2352,AnimeCoom,39058392,Lgoria
2353,F2Pinoys,39039411,Luso
2354,HoneyWorks,38938006,Usagi
2355,Indo.Crown,38894145,Ajeru-K
2356,★Forestia★,38857714,Nineliest
2357,Clover,38793254,Arcens
2358,Kaguya,38766735,Maki
2359,Mapple,38736783,Jazmyn
2360,Peem Cult,38710049,Zelfim 
2361,Cunnylords,38660089,Corgi
2362,APEX-MX,38598375,Eduardo
2363,GRANDCYBER,38596730,joukaa22
2364,Hololovers,38586054,Sefra23
2365,Eden,38539848,Eurelt
2366,Spanish,38525898,Kas
2367,LazyDays,38487492,Soufow
2368,StainlessX,38469065,Anew
2369,WLegion,38455215,Whitem
2370,Piroket,38447493,ピロコ
2371,KorosukeMX,38445984,Volke
2372,Nazarick,38398653,jcneo
2373,PriM@ster,38397057,Facu92bk
2374,Raiken,38386115,CrazyE
2375,MapleTree,38321986,Killorah
2376,FoodEmblem,38269118,Salveon
2377,Grandcyphr,38256377,Kyushen
2378,BBTierClan,38245662,RichPBJ
2379,Tea Party,38237148,Kanna
2380,Happy,38231546,Cruxics
2381,へんたいふしんしゃ３,38223089,alamone
2382,Marimo,38200033,Fran
2383,God FATHER,38200029,Berr
2384,Failnaught,38200027,Librom
2385,R’lyeh,38200021,Lily
2386,SleepyNite,37950693,Feyblade
2387,Knightmare,37907231,Kizakura
2388,Otakrew,37906249,CocaPola
2389,Priconite,37800632,Kirito
2390,MitKitCafe,37715375,Fox
2391,UwU,37711208,Yuuki
2392,VinterFang,37710315,Drykolf
2393,Kuma-Kuma,37695276,Lux
2394,Delphinium,37693295,Starkirri
2395,ChaosForce,37638524,CornBread
2396,Thigh High,37623162,Zelo
2397,YAMEROOOO!,37565297,Rhythmroo
2398,Hispano,37527794,Joshjbk
2399,NightRaid,37510390,Yukine
2400,Gacha Salt,37505276,GDP
2401,Luna,37441070,Ni
2402,Miracle,37439287,Mizuhara
2403,FR:DIVE,37398677,Yuuki
2404,Leonia,37394952,Lukiciel
2405,LoveAnime,37352284,McCheese
2406,Foxtail,37317821,NekoNyaa
2407,Langkasuka,37306567,Fabre
2408,Breach,37279938,Firemage
2409,SnowCats,37263896,Sylvia
2410,GARUDA,37253336,Apel Hijau
2411,Gyoza Pati,37189060,NekoNico
2412,Hime Clan,37175587,Yuuki
2413,Expo,37132013,Foodi3
2414,ETERN4L,37112763,Fdg
2415,NightRaid,37090594,Nox
2416,NFC,37082624,Mamad
2417,TGC,36927214,Lute
2418,Yawn Squad,36918446,Tea
2419,AllBuffet,36911991,Wyver
2420,GachaGod,36784598,Lord Zolt
2421,Hololads,36771093,Pebri
2422,HololiveLS,36769727,Shaxx
2423,Dandelions,36761858,Sylphvestr
2424,PUDDING,36751443,nijigenkun
2425,HoloMeth,36717222,Alduin
2426,WAIFU,36715091,Degenerate
2427,Nameless,36705872,Kura
2428,Bocchiland,36666211,Akoga
2429,ArcaneSync,36640638,SirPhoenix
2430,Alcor,36544198,WolFiers
2431,1*waifus,36535178,O'Cathail
2432,Meliora,36524296,Globani
2433,(*´ω｀*),36426778,Joon
2434,Elsewhere,36407229,Ehryn
2435,Dulce Lume,36396685,Meisz
2436,Waifu Club,36376743,Wicked
2437,PPT Heimin,36369985,BeanBun
2438,Floofers,36359721,Nataku
2439,Valkyrie,36280171,Sieghart
2440,PMC,36271497,Giose
2441,MyWaifu,36205667,Tanfon
2442,Takodachis,36197676,Luis
2443,BlackBulls,36183548,GamerGus
2444,Desire,36106360,Ryezo
2445,Weeb's Uni,36105665,Chocolate
2446,Brightstar,36104293,Luther
2447,Monarch,36035707,Rotvalli
2448,愛と栄光のA,36032929,かず
2449,HoloEN,36000545,Chase
2450,Utopia,35990350,Арчи
2451,Meow Clan,35969217,Nia
2452,Blu Moon,35913704,CurlyMoon
2453,Nekoyens,35900710,Muragi
2454,Tiramisu,35864447,Yuuki
2455,NPC,35860349,Matsuri
2456,Haruhime,35787408, Haru
2457,Asterisk,35771792,Dyart
2458,Waifu Crew,35764818,NotLios
2459,Umbral,35763524,Kirbo
2460,Flato,35763316,Electric10
2461,Hentai,35757953,iamyiwen
2462,BurntRice,35752675,Amiichu
2463,UniaoLhama,35742139,Eminelli
2464,BakaHentai,35725633,Schodinger
2465,Wonderland,35708866,Joellibee
2466,KimiNoNawa,35694972,Kambo
2467,The EliteZ,35661825,ッPRO-X
2468,CursedSoul,35649126,EZ7
2469,Re:Reroll,35647876,Sounides
2470,Brasil,35607513,Nick
2471,Luminous,35567794,Vil
2472,Thigh Guys,35543648,FRimun
2473,uwu,35521487,Spin
2474,ThoseWeebs,35453120,Nakayama
2475,Fairy Tail,35435805,Tama
2476,Melty gang,35428919,Toshi
2477,Valt,35423229,Myanyb
2478,CBXZero,35406229,CBXZero
2479,StratChat,35387717,MizuSoup
2480,Cat Club,35370045,Tohrmy
2481,Hentai,35324750,TheTicTac
2482,Loli4Life,35196929,NTTT
2483,WinterMoon,35181657,にこ
2484,Yggdrasil,35166216,Badedkik
2485,Gelinho's,35138145,Sorai 
2486,Lazy,35130019,Firo
2487,Yggdrasil,35111472,Sabre
2488,YukiKoroke,35055567,Yukikoroke
2489,Multi-Hub?,35055029,hope&memes
2490,Thighs<3,35038316,Patrick
2491,Amorists,35034488,Jean
2492,DL Boys,35011998,Nick
2493,Nameless,34991427,Chapo
2494,Animelords,34961746,Animelord
2495,WaifuLover,34952622,Yung
2496,LostGuards,34950882,Grailgore
2497,Sanctuary,34944302,Magic Tea
2498,Yuri,34943417,kajuden
2499,Borgar,34922900,Meximanian
2500,Ame Simps,34921341,batalig
2501,End of War,34890631,Geo9024
2502,simply fun,34830447,forrest
2503,PriProject,34810724,Hiro
2504,Esukabana~,34736560,Squidy
2505,Astra,34730513,Nemui
2506,Hololive ,34692101,Rim
2507,We R lazy,34684581,Kira
2508,Tea Party,34658999,Inveritus
2509,1stArcana,34656015,Reii
2510,ghost dvsn,34648291,sophia
2511,Weebathon,34642213,Bosskwar
2512,Loli Base,34592499,Venitrall
2513,Wahoo,34581437,man
2514,FAQ,34538995,416
2515,GABUT,34481909,eve
2516,Lemons,34441349,Knomo
2517,NcBDiscord,34423443,Saruli
2518,GodSlayer,34404727,Shinsha
2519,Cyanites,34394222,Cyanoticz
2520,Yuritopia,34375459,Minx
2521,Cocogoats,34343618,Elision
2522,Lolicons,34305945,Zuarimoto
2523,WaifuLife,34268238,E.Y.
2524,Tekkadan,34233540,Almiraph
2525,Usada Co.,34221508,Zweross
2526,Thors,34204378,Lewis
2527,FireEmblem,34199199,Nohna
2528,MachaMafia,34156638,Genjitsu
2529,Matrix is,34128325,jooozek
2530,RateUpLie?,34095472,RateSenpai
2531,Defy Fate,34086804,Zeptora
2532,Sage,34083814,MastaJH
2533,Knights,34068232,Gpr0on
2534,WaifuLaifu,34048048,MadDrKieck
2535,Explosion!,34020395,Tulkas
2536,H Knights,34011551,Duragon
2537,StarLight,33994021,notipmann
2538,AriEnCo,33952261,NEETneko
2539,Dremora,33860829,ParoPoro
2540,BestGirl,33857865,Peter
2541,Sleepy,33818566,Ezemine
2542,Booty,33743107,Mino
2543,Aruji-Sama,33736474,Yeshua149
2544,Eihwaz,33732482,Sc4
2545,Bermuda △,33724284,Azem
2546,Psilocybin,33723572,Nova
2547,GatchaHell,33672117,Yuuki
2548,Divinity,33670788,Surreality
2549,Hit & Run,33669828,Shiva
2550,Nyans,33657371,Skorpion
2551,SwagPolice,33648138,Alfredo
2552,Maho Mafia,33632287,Charme
2553,LoliClan,33626063,BK54
2554,WeebHub,33553744,Dex
2555,Sugoi Boys,33541901,SalmonPink
2556,Waifu4life,33534258,HeavyGriff
2557,LaSoleil,33530299,EmilyRose
2558,Gluttony,33502484,Donaris
2559,Labyrista,33491913,Zepp
2560,Fairytale,33489598,Stitchie
2561,Temporary!,33478365,Prof McW
2562,Mythic,33469231,Justy
2563,Waifu Army,33467452,Yuuki
2564,EDF,33431376,genjip
2565,Party Grp,33390294,Keith
2566,Mikazuki,33381513,Toro
2567,Yabai desu,33380728,Antikux
2568,Old Tavern,33367815,Ditz
2569,Slave Life,33344011,Pingletown
2570,Mum Club,33284874,Squawk
2571,Atelier,33271885,Rain
2572,SSS Rank 夢,33254798,Kanade
2573,TidalElegy,33220775,ThatOneGuy
2574,7deadlysin,33207213,PigRush
2575,Stan LOONA,33182284,Dhaos
2576,Pinecones,33089627,Sevynh
2577,CENTRAL,33089440,IlIya-Nee
2578,Dragonking,33051732,panaton
2579,Comfy,33051459,azasu
2580,PekoKnight,33046928,Skippy 
2581,Derp Brig.,32987644,Flare
2582,Pudding,32986505,Kanata
2583,mausonnect,32986150,Ori
2584,Flan,32926007,Stick
2585,Circus,32903438,tsune
2586,LosFurros,32872052,StraightX
2587,Waifu Hour,32849319,Walter
2588,AllDaLolis,32841053,Phamy
2589,The knight,32794380,Jay
2590,TenSura,32774933,Arwyn
2591,Weeb World,32768188,Patient
2592,PekoWave,32753893,Gobag
2593,WRLD,32749608,Shadow
2594,Hololive,32734260,stiches327
2595,Divinity,32722123,Matdraco
2596,BlitzKrieg,32702815,Poimon
2597,Yuri,32692628,Pacifist
2598,Kawaguchi,32668009,miyogen
2599,PHBAN,32649702,ProtoTM
2600,Degens,32638921,Kanji-kun
2601,Gacha Hell,32629364,Jimii
2602,Cold Rose,32624892,Asadekai
2603,UnSkilled,32609162,BananYoshi
2604,We■Fluff,32577932,Kail
2605,Affogato,32559909,Vanille
2606,BlazBlue,32510586,Satsuki
2607,Duoniverse,32502861,Hydrajr
2608,DegenSquad,32500816,Yuuki
2609,Unravel,32476312,Yuu
2610,Blooming,32473003,Amada
2611,Gawr Gura,32462818,Daddy
2612,Kot Lovers,32451161,Scens
2613,Ame-Too-OP,32421543,Mandrake
2614,Corporate,32411100,Yomsiw
2615,Re■Dive,32333860,D0uchbag
2616,LazyAF,32308215,Tsukami
2617,Cowfriends,32280039,3k
2618,4 Fun Team,32275507,Alverchz
2619,RusProGame,32265454,Red
2620,Madolche,32171791,Schwartz
2621,Indo■Clan,32162362,Vhissant
2622,Maple Tree,32151832,amak
2623,Dragoons,32142539,Zi
2624,Sleep Mode,32133218,Lierra
2625,Milkshake,32132025,Babysitter
2626,Tea'Party,32107724,kking
2627,Azure Lane,32042236,AzureBS
2628,Yume,32039842,Emu
2629,IM NENE,32039378,Serozero
2630,Halcyon ,32021654,Ren
2631,Lacrimosa,31987487,Schimmel
2632,HololiveHQ,31944910,Fuyura
2633,Konosuba,31930703,Xandi
2634,Casuals,31914639,Aurafrost
2635,Bois-B,31908928,Haid
2636,Komori,31893628,Nero
2637,Teyvat,31883113,Orion
2638,AhegaoGang,31880830,AhegaoPan
2639,TenShadows,31844607,Lex
2640,Astraea,31811020,Yuuki
2641,Archangels,31777695,Sanji
2642,SuperNova,31773237,Exusiai
2643,WildRose,31750251,Brandon
2644,Pixy,31712565,Katyasha
2645,noticeMe,31694472,Aku
2646,GoldenDawn,31566496,Nym
2647,Pillows,31560370,Zagwyn
2648,Nerdherdia,31537839,Izy
2649,Stompied,31510512,Ish
2650,Resistance,31443123,btyseehc
2651,Lazy Guild,31412935,Animal
2652,Hollowborn,31379348,Prisya
2653,Pudding,31329812,Dr.Yuuki
2654,End Time.,31313797,Reshail
2655,YabaiYabai,31310980,MapleCake
2656,NegaNebula,31307053,SilverCrow
2657,KFC,31283116,Squidkid
2658,SheepGate,31248559,Stargazer
2659,F2P ,31241122,RNG
2660,Tsundere,31216233,Chiruchiru
2661,~Unity~,31214037,Zero
2662,Hololive,31197738,vex
2663,Hololive,31186566,うペ
2664,LimaLounge,31180661,Ranger
2665,Hololive,31162505,Tsuki
2666,Banana Cat,31161756,Guren
2667,Cypher,31121101,Mirrim
2668,177013,31105836,nano
2669,FreeRoamer,31018975,Lygard
2670,Moonlight,30995708,e0xe
2671,Banshee,30979824,Yukinooh 
2672,AnimeThigh,30968073,Keyaru
2673,Persona,30936597,Zeri
2674,Sky Avalon,30929464,Rimuru
2675,Infamous,30909825,Ray
2676,Yotsuba,30904722,Yuuki
2677,Konoha,30891018,Jetbey
2678,Weaboos,30887973,Simoneante
2679,SoulEater,30875318,Mystiic
2680,Ame Boings,30840084,Shu
2681,NTD,30799018,Nutella
2682,Makaronium,30792042,Makarony
2683,Moonlight,30784060,gondeaz
2684,KonoSuba,30778811,Knightmare
2685,iDOLM@STER,30734137,Charity
2686,Infinity,30715675,Tetra
2687,cocogoats,30696836,Catori-kun
2688,Mitakihara,30687434,OronamenuO
2689,Pudin!,30652344,Niper
2690,Chomusuke,30650418,Baby
2691,Warden Ice,30632234,Raketsu
2692,35p,30630138,Lince
2693,Anime fans,30621884,Asta
2694,YagoOwO,30604616,a$$thetic
2695,LogHorizon,30555409,Yuuji
2696,Team B-B,30552642,Tsukiko
2697,WaifuWar,30551329,Yuuki
2698,EliteVN,30536188,Savior
2699,OxO,30483916,Yeetzeeboi
2700,Lex Divina,30472014,Jade
2701,(OxO),30464486,KodokuRyuu
2702,BLACKPINK,30460752,Yumeko
2703,Corrupted,30443732,Megumin
2704,Singapore,30407685,zwchen001
2705,Yggdrasil,30407019,Alexander
2706,Taylorland,30387163,Taylor
2707,Ainz Ooal,30381368,Ambiya
2708,Hololive,30378594,BlueNeko
2709,Tako,30372013,Renai
2710,Russia,30337472,Tesl
2711,DragonFami,30323921,Johan
2712,KazumaClan,30309696,Diglett
2713,HangoutHub,30281140,SomePerson
2714,Blue Stars,30259557,Ninetails
2715,HololiveSG,30256601,ideol0gy
2716,Elysium,30250072,Whiteris
2717,SunRider,30237926,ShieldKayt
2718,Gomene YUI,30230186,YUI
2719,FR Hakoni,30209687,Azbeth
2720,Yiazmat,30206684,Kanade
2721,PatKyaru,30195811,Veya
2722,INDOSEKAI,30180321,Kiyaa
2723,TeaFactory,30179515,Mason
2724,haha anime,30154015,Kendall
2725,WaifuLaifu,30140032,AustinW15
2726,Holofans,30101956,El Cid
2727,Gourmet,29899741,Darling
2728,Pansito,29803282,Blaze
2729,Bathory,29800967,Alvern
2730,Maple Tree,29775307,Fluff
2731,Chaldea,29774461,Ram
2732,FK Gacha,29747032,Rax
2733,Crewmates!,29728553,Zamazenta
2734,Yuni Squad,29713086,Shamiko
2735,dna,29697257,a Yuuki
2736,Eriko#1,29694740,Shippy
2737,Acedia,29659414,Yuuki
2738,Imperio,29651985,Thunder
2739,Umi,29629304,Umino
2740,Skyfarers,29621268,Harkyun
2741,WIZ*ONE,29601922,Danilo
2742,TMC,29571639,Teo
2743,Waifu Club,29548479,AlexSenpai
2744,Yoruzuya,29540093,Gin-chan
2745,Chainfire,29488129,meurin
2746,Play F/GO,29450535,Lucian
2747,FGO ,29430866,Zero
2748,Vermilion,29418064,shiro
2749,Rozeria,29402091,Mercedes
2750,LostKnight,29385191,manxz
2751,CN House,29282494,Akio
2752,Guild,29264059,D-Gamer
2753,Degen Club,29240376,wombatman
2754,Fenith,29221649,Tensai
2755,GachaAbyss,29124334,Slarkero
2756,Hoshi,29066675,Beast666
2757,Gourmet,29060616,Darkshadow
2758,DilfHunter,28981484,ThatGuyZ
2759,Resolute,28973745,Yardrac
2760,Salvation,28946413,Kaori
2761,PowerUP,28938911,Kyi
2762,Nakadashi,28936575,bdrop
2763,Nak Bujank,28933330,Shin≧ω≦
2764,Lamaw,28890365,Slate
2765,BakaHentai,28871058,StupidBaka
2766,Dun Scaith,28823444,Rq2145
2767,PPTraveler,28821231,Astro
2768,ThighHighs,28791229,Cetus
2769,Mexico,28765260,zulu
2770,RUvolkiAUF,28746394,Kenluvnyz
2771,comfy,28719067,yes
2772,Ω Princess,28691589,Vespairr
2773,Midnight,28690176,Bey
2774,Weeabos ,28645429,Gil
2775,Waifu Club,28600812,Mike
2776,Nusantara,28586955,Ikejr
2777,Muramasa,28580994,DamienKazz
2778,Dragon emp,28534194,Reddg
2779,Deadbeats,28517510,Niv
2780,GremoryOwO,28514349,Shino
2781,Konlulu~,28500272,Fin
2782,MarioBros,28477107,Berial
2783,WaifuKilaz,28474686,Yellow
2784,Pixelated,28456757,PixelPanda
2785,Diamond,28456152,Korvol
2786,Hololive !,28443634,Sinse
2787,Moist,28416553,Ahriman
2788,Baguette,28414733,Hikari
2789,BestCuties,28390014,Neko
2790,Re:Academy,28354844,Shabazoga
2791,AFK,28316780,LoginBonus
2792,ClockTower,28255543,Eru
2793,Dai-Gurren,28248719,Frobones
2794,FGO ,28243990,Jxombie
2795,Yabai OxO,28241068,Lacrima
2796,UnionWaifu,28212707,AKENO
2797,Hanime,28194795,Yuuki
2798,Puddin,28125980,Lyebon
2799,Koolkids ,28062049,Destiny
2800,Floral,28049137,Kebiruto
2801,Mage,28045428,Sae
2802,Hololive,28009343,Sap
2803,HPOP,28006033,Atsuko
2804,Divine,28000047,Primus
2805,HoloGamers,27999324,CordysBich
2806,UwU,27921805,Yuu-kun
2807,Mashurako,27921770,IrvanPro
2808,Karyl'sPit,27871196,Ethala
2809,Book Club,27861906,Brandon
2810,Haatons,27856072,Maofumi
2811,Dragons,27851348,X
2812,明るさ,27835836,光る1
2813,Oath,27774037,Rob
2814,Club Comix,27718465,Pecorine
2815,Weebs,27706823,Wehley
2816,OWF,27686999,erosensei
2817,DeadWeebs,27680020,LonelyWeeb
2818,Kokko Gang,27674198,Ras
2819,HappyStart,27667285,Yuuki
2820,Clover,27662928,Xsensor
2821,Shrimps,27648607,Expanse
2822,Rejects,27586965,Galvanized
2823,HI HONEY~,27564748,Haileypasu
2824,HolyCookie,27548887,Ryuutaro
2825,Avalanche,27541334,Altan4444
2826,Simp4Gacha,27514638,Chabelosky
2827,Pinecone,27508103,Balvenie
2828,Kaguya,27501902,Dashin
2829,Dragalia,27491634,Vinzoff
2830,Wingteuri,27488618,Yu-chan
2831,Mochi,27436224,Ash
2832,Magikal,27419021,Dart
2833,Mistborn,27409353,Esthed
2834,RoundTable,27378129,Yuukinii
2835,WannaBes,27341504,Nyeko
2836,ComfyFort,27322049,kchu
2837,WAP,27317079,Schmuck Yu
2838,MU Anime,27313174,Saki
2839,Hololive,27302794,Kororaiser
2840,Maple Tree,27298368,■
2841,Asterism,27286067,Luna
2842,Blessed,27283738,Silver13
2843,Suzuhime,27273616,Ryzen
2844,RiggeD,27183137,GRideR
2845,Espada,27170337,Yuuki
2846,SecretLoli,27148295,Brisingr22
2847,Nekonation,27110664,Karey
2848,INDONESIA,27095415,Yuuki
2849,Metagamers,27054398,Caelan
2850,Okayu,27027013,Tsugumi
2851,Cute&Funny,27012808,Evoluder 
2852,Automata,27012191,D.Va
2853,AzurLane,26983018,Yuuki
2854,GooseGang,26965289,USSDuck
2855,TropMimiFr,26952564,deed
2856,☆Re:Light☆,26922648,Fix09
2857,Divine,26906945,Tekumi
2858,ReMori,26898366,raul
2859,Luv Waifus,26856587,sir.AnGer
2860,LoliSuki,26820573,Yuusha
2861,Daydream,26817479,Nekolia
2862,Sumeragi,26780709,Obaka Neko
2863,FinalNight,26772093,Razor
2864,Cake,26759665,Nobume
2865,Isekai,26749975,Silver
2866,Atukos,26739705,Docin
2867,KarylWaifu,26736195,Bloodsky
2868,Exceed,26721889,Hiro
2869,Re:dive,26719732,kerb
2870,Roaches,26718452,Xardaen
2871,Loli Raide,26649924,aspire°
2872,Kha Vit,26629713,Okawari
2873,Nactus,26604727,Chimms
2874,GojoStans,26598353,Yuuki
2875,Netoranila,26578606,Nemo
2876,New Hope,26572381,MG-Fee
2877,Anime Club,26501739,Arutha
2878,WeebCorner,26430395,Muffin
2879,Simp,26428120,NeVrlander
2880,KOS-MOS,26373986,Mitran
2881,The Gamers,26349595,Uncover
2882,Lazy,26336485,HADOUKENBA
2883,KNIGHT,26331494,Razeor
2884,Cafe Comfy,26326956,nemu
2885,Arzinions,26292796,Arzi
2886,LoliPolice,26258658,EmporerNeo
2887,Noms Squad,26258442,LordHancho
2888,OhanaCult,26234252,s2eha
2889,Botanists,26228809,Mutig
2890,Nifelheim,26208939,Snow
2891,Waifu Land,26180114,Exile
2892,Starlight,26151283,Cloud
2893,Inked,26148122,Infi
2894,Aragami,26134230,Aragami
2895,Supremacy,26133911,Rekira
2896,UMU GVNG,26122944,HatiBerg
2897,Nightmare,26115397,Mack
2898,Nightwish,26093891,DarkcOcean
2899,SpicySquad,26088908,Ryan
2900,AzureSeal,26082997,Scylorian
2901,Peko Peko,26076974,Magiklife
2902,Teamates,26064335,Arloc-Bo
2903,Neko,26055293,Aliasdstro
2904,TOS,26047652,Setsuna276
2905,Arcaea,26042953,Kenji
2906,very chill,26041089,RacingMiku
2907,S.O.S Brig,26036442,Coral
2908,Moonshroud,26011601,Hinamori
2909,Yggdrasil,25985360,Toboe
2910,GaimuhTime,25981669,Remias
2911,Dishonor ,25937125,Malk
2912,Simpboys,25924508,ザザです
2913,Lightmare,25924367,Seraph
2914,AVARITIA,25917028,Jayce
2915,PuellaMagi,25904665,Madi
2916,Cuties,25895510,Franny
2917,Husaria,25880527,Patro
2918,Re:Live,25857141,Belt
2919,EternaLXII,25822220,N4NlW4
2920,Brasil,25798511,Gillian
2921,Cat Clan,25795033,morra
2922,SOHSquad,25776456,イツドソス
2923,Astartes,25773821,Elooshma
2924,I'm Hungry,25767662,Kyu
2925,kekw,25766462,Skyler
2926,WaifuLords,25761096,Shinobi
2927,346Connect,25753127,Pancakes
2928,SwordArt,25747762,Rad
2929,BBC,25744756,tabibit0
2930,Salt Crest,25696945,Beleth
2931,Tetaho,25688158,Yoboy
2932,Genshin CO,25678348,Joeytoms
2933,WeeBoo,25662243,ShaoMay
2934,Itemizers,25630729,Paldron
2935,La Crust,25625472,Icarus
2936,Shadow,25618824,Baihu
2937,Aquarium ,25562988,Koishi
2938,EARTHLING,25550582,Yama
2939,MMD,25541351,Amdrz
2940,Tempest,25496451,PChew
2941,WaifuHuntr,25450090,Kuwei
2942,Sarkaz,25449969,Drivel
2943,Defiance,25438744,Sgtanguy
2944,Hentai,25398414,Vantoki
2945,SuccMErlin,25380961,Eskanor
2946,Weeb Army,25336817,Bismarck
2947,Renai ,25324676,KAZZ
2948,INDOミPride,25315802,Khasanova
2949,NNG,25279205,Blarg
2950,Star Guild,25277255,BO2Y
2951,EasyBreezy,25269047,Number
2952,Nazarick,25257702,Kabritul
2953,WaifuChill,25208564,Kuromi
2954,AJRimmers,25205887,Taylor
2955,Waifu Hunt,25193411,Palmito
2956,WabiSabi,25166316,Regale
2957,Kira☆Kira~,25162390,Natsuntsun
2958,JTKN,25161421,Aamra
2959,Waifu,25154666,Rinnie
2960,PogChamp,25139720,Mikochiii
2961,Kokkaryl,25109018,Raiga12
2962,Yuru Guild,25094052,Daniel
2963,Ambrosius,25022510,Masanro
2964,Evergarden,25000019,Yyue
2965,WeabooNat,25000012,ChocoCream
2966,Sheeeesh,25000011,Sushimi
2967,Coffee,24967264,nmilk
2968,Doremi,24950269,KnightXV
2969,Hyper,24949647,Recolaa
2970,Lil Girls!,24923399,Kib
2971,FoA,24862315,Marihoeee
2972,Yorozuya,24850233,kelco
2973,Keqing,24793294,Pretz
2974,Sinister,24782076,LotDragons
2975,Deadbeats,24761061,Mori
2976,HOOTERS,24734784,Phukem
2977,Awoo,24718443,Skey
2978,Fate Cafe,24706803,Carl8s
2979,PsyKongroo,24690049,Casavera
2980,Tuturu,24688524,Pal
2981,CasualCats,24676089,Komic
2982,HeatRising,24651316,Serena
2983,Astrals,24616926,DracFrost
2984,LitGS,24602550,Peacan
2985,Impakto,24599346,XelYeager
2986,Shimapan,24585791,Ancort
2987,Blungi,24551351,Randy
2988,Lunatic,24514679,Zain
2989,Prinpa☆,24423522,grayson★
2990,Fatalis,24415825,LuciusXR
2991,Trinity,24328933,Netoko
2992,Hoyuuki,24305649,Zero
2993,Sapphires,24287456,AsomeSonic
2994,Stibnit,24266842,Hansi
2995,Gacha Labs,24248485,Shu
2996,Magic,24208135,Chaika
2997,Solomon,24206332,Juro
2998,Kokojin,24185781,HCS Gabo
2999,Hhaven,24173924,Nogard
3000,Weeb lords,24173278,Hank
