Rank,Clan Name,Score,Leader Name
1,のです Void,417183581,Phoenix~
2,ArisaCult,407919106,Halcyon
3,Ethereal,407406696,Pang
4,メガ MILKERS,403166728,Ding Doung
5,KannaCult,398922016,TearGrants
6,Weepo,397053794,peng
7,Re:wind II,396414459,Miyuki
8,FuwaFuwa,396317738,Chiyo
9,Beepo,395924950,LeonidasII
10,SarenCult,394605509,☆ Huggy
11,Imanity,392898995,Yon
12,Kyaru Cult,391693689,Umaru
13,Sky,388613030,宝鐘マリン ☆
14,Aurora,385292013,Tomo
15,Haunted,375285406,Venom
16,Eternum,373798683,Jester
17,CafeQuanta,372822775,Ghiradell
18,The Mist海霧,372777637,Mumu
19,WeLoveTim2,369828804,Serecola
20,Schwarz,368888474,Poke
21,WeLoveTim6,368084642,Kitten☆
22,Neko Nyaan,366941455,Sashandra
23,Luxvidia,366668646,Leisten
24,Night 0%wl,366512914,J-Klump
25,Pecorine,366407705,Lino
26,Royalty,366266289,Ashevish~
27,Falkonne,366140317,Sparrow 狐
28,WeLoveTim3,364971779,vx
29,AEGISEoG,363130600,Racter
30,MQH,362611006,Ace
31,WeLoveTim,359718726,Zyf
32,Realm,358898931,Aku
33,kusa boys,358024558,TFG
34,WeLoveTim4,356832991,DaVinci
35,Ever Tale,355683756,Tear
36,Eclair,355308215,Zeftyy
37,Zero,354646749,Asariel
38,AtelierCT,354445215,Kurogane
39,WeLoveTim5,354334039,Ω Shiraori
40,Salivation,350973614,Muse
41,Wicked Fox,348544820,Xhian
42,Origin,346054182,TS
43,Waifufans,345428801,elmoebuta
44,Re:wind,342741851,Mars°
45,TsunTsun,342543189,Omonomous
46,BebekBakar,341504628,BB｜anzai
47,Ignoto,340579802,JSar
48,日本酒,340472136,臥室裡的琉璃在打炮
49,Midnight 2,339625106,Chio
50,「Onigiri」,339465623,Nyan'sKid
51,Midnight,336621781,Shiroe
52,France,336146488,Nomis
53,Stealers,335465089,narzack~
54,Nousagis,334465418,Renne
55,EoS,333399930,Raven
56,Abyss,332361985,NysAshura
57,VnSharing,331270022,Artorias
58,ClubCosmos,330576296,Rimuru
59,Blush,328039488,Sam
60,Life Raft,327951279,AuraFly
61,Maple Tree,327162451,Maddie
62,Gomen YUI,326946055,Nanashi
63,Kokko Club,324373810,Rasec
64,Mafty,323506073,Erin
65,Femboys,323419211,Mega Milk
66,UragiriCat,321405931,Perruno
67,Mist,321010112,Nub
68,Fate,320609648,Kyo
69,PrincessLa,318371277,Peloncho
70,WeHateNph,317976443,Npheria
71,Subatomos,315455406,Baka
72,Excedia,315360160,Dawn
73,Prismatic,315285718,Yousomaru
74,Akukin,315120902,MadHatter
75,Hoji,314477811, Cheese
76,EQX Noon,314077144,JacobGP
77,Kyaruland,312364595,hori
78,Fox Sins,311411937,Jalonsof
79,Vroom,311133547,Chie
80,Dewar,310290871,Deecato
81,Symphonia,309651597,paoh
82,Sanc,309545979,iansky
83,Shrimp.exe,308819677,Avaradus
84,AvgD,308121749,Knife
85,Pokkake,308070764,Apphole
86,BoarHat,307681038,Maximus
87,TheOffice,306265432,Hollocho
88,Re:Roll,306045379,Marchez
89,Ambition,305697149,H 狐
90,MapleTree,305108900,Eternalis
91,Tsuki,304913240,Yuuki
92,Waifufans2,304618974,Adrien
93,Tojo Clan,304575974,lemonguy
94,The Empire,304513601,Prismal
95,Dreamer VN,304501144,Blue Tears
96,Light☆EMT,303819724,Zenovyx
97,Spatzele,303221667,Inaaa
98,Depressed,303181738,qq
99,HoloMyth,303127390,SkyDragger
100,WolKnights,303087262,czu0delta
101,bonboncult,303018437,not atk me
102,Re:Zero,302932800,r×ππ
103,YabaiYabai,302852191,Kraylore
104,4clan,302287930,Spaerk
105,Weebs Out,302142714,Ame
106,Owoboros,302050061,IndSek
107,0x0,301577635,Red
108,Kai Zen,301528461,HafaraSama
109,SunShineVN,301460545,shirod
110,7 Clowns,301434781,Cantabrum 
111,Kaiba Corp,300922716,Monoultra
112,Setoukai,300693373,KhadaSecks
113,Radiance,300691024,Osmium
114,Ellinia,300507789,wutty
115,Awaken,300203623,riripwn
116,Yum,300099397,Mochi
117,Kujira,299488775,Yukkiko
118,Feather,299079051,Dust
119,Misters,298854992,Spagoots
120,EQX Dawn,298220735,Less
121,JoJoBase,297979108,Janember
122,ClanPotato,297961350,Sheiter
123,Neko Cafe,297787751,Wizi
124,Fantasy,297368764,Kan
125,Flandore,297323253,LenXca
126,Pandaverse,296460016,Sirson
127,L.G.D,296417443,Kenji
128,Milktea,295986965,Rie
129,Akari Cult,295979491,LuismyP
130,夜明け,295925911,Tsuki
131,NicoNico,295731381,wham
132,Bakuhatsu,295594072,Megumin
133,1+1=3,295162163,Keelus
134,Tea Party,294636838,Rudeus
135,CunnyInc.,293595491,Luciana
136,Ganbatte!,293498560,Akram
137,Mythical★,292535061,ECHO
138,Downtown,292520932,Fal
139,dropkick,292420619,rara
140,戦 Evolve,292006580,Aoimiruki
141,Niflheim,291799369,Xian
142,Waifufans3,291726729,Homie
143,Anbu,291437239,Keiichi
144,TheMunchys,291417680,Yhit
145,MapleTree,290936969,Millhiore
146,FBIOpenUp,290845886,pipo
147,HsHome,290818143,Nanicorenu
148,Hololive,290550825,Pekora
149,Re:Salt,290487553,Ezo
150,LostCause,289976697,PimekS
151,GrandOrder,289907377,Satoshi
152,Sritter,289624528,LeyChee
153,Omnia,289599641,Riaky
154,Nobility,289526826,sojaes
155,WHSAcademy,289293847,Metastone
156,Fenrir,288922834,Kamehameha
157,KENUM ,287551467,マスター
158,KururinPan,287315499,HYPE
159,PekoMiko,286877166,Gellal
160,StealJewel,286400054,Naniiiii
161,SevenGates,285650926,7G☆Ging★
162,Uncharted,285509523,Another
163,Moonlight,283901693,Canioden
164,Shikigami,283812599,Nova
165,梦NIGHTMARE,283048358,Yan
166,tit good,282242006,Sera
167,Melon パン,280136931,Shark
168,Hestia,280047544,Valdis
169,Wyvern 13,279618119,SeulRay
170,Weebs,279216192,Fushi 
171,IMAGINE,279132624,Zelthic
172,Waifu Meta,278207841,ムーギリ
173,Sweatshop,276564980,kbh
174,Moontights,276435438,NikeXTC
175,UwUGirls,276425288,PandaKun
176,Shibanban,275047944,Twick
177,Elysian,274776672,カレイド
178,KASKUS,274161310,zer0
179,DNight Sky,274078943,Yuuki
180,Amber 火,273959964,Yajirushi
181,Mystic,273441630,OmiD
182,vrai zero,273425024,Wolfnagi
183,Dark★EMT,273220150,Ayn
184,Black Cat,273126120,Chris
185,Phantasia,271945941,M
186,Aegis ,271684381,Jasawn
187,Lichyard,271180323,Xero
188,PAN,270739435,Alonso
189,美食殿,270154933,ユウキ
190,Attic,269925507,PoorNic
191,MeatIsGod,269779227,Groob
192,Pleiades,268669245,Hika 猫
193,SoCal,268458931,Kiomi
194,Skyfarers,268200046,Iverna
195,Gourmet,267988929,Nguyen
196,WorldOrder,267845119,EternalGod
197,France:Re,267105981,Lydux
198,Heavenhold,266653035,Alter-Gran
199,Hatsu☆mimi,266515110,Natsumi~
200,Chupacabra,266434497,Alastor
201,Gojo Fans,266065692,jak
202,Rem Lovers,265765538,in0x
203,Origami,265671451,Soldeum
204,DLC CAFE,265351961,Lee
205,PecoLewds,265272691,あゆみ団長
206,nyab,265178163,Dangergun
207,Winx Club,264730800,manaketez
208,Hinotori,264564037,Eva - 鶏
209,ShizuShizu,264067121,Kuraun
210,Kali,263849042,Tiir
211,SOSBrigade,262607118,NovaKing
212,Cryolyte,262031178,Enviar
213,EX:Brave,261935599,Noxte
214,Tenshoukai,261909964,Yumenano
215,<Baneados>,261848554,Luphelion
216,Ahjin,261181606,Spidre
217,RED,261177567,Rasenryu
218,PrincessSR,260786790,Yuuki V2
219,Friends,260306927,Dys
220,Valhalla,260079538,Ray
221,Primrose,259781648,Palette
222,Moon Tree,259541254,Rakuda
223,MajinGods,259490311,Loliseo
224,Puzzles,259480384,Basil
225,Takopa,259238049,AkitoEX
226,Salamander,259109987,Butterfly
227,SleepyMats,258445406,Kareef
228,CBT Gang,258220213,Seiba
229,Forced2pay,257801721,Mister
230,Space,257539229,Elatha
231,NO RESIN,257203795,PohonSange
232,Peco'sPeco,256756433,めんたいこ
233,RE:,256649478,Mar
234,NSFW,256481616,Psyclops
235,Doge,255644996,Konpeko
236,EOE,255356934,Oani
237,Waifu4Laif,255310386,kyo
238,DereDere,255310162,Choccy
239,Marigold,255177291,min (ミン)
240,Boba,254440275,deebee
241,S. Kinshi,254203363,Akio
242,Mofu Mofu,254185497,Expe
243,Ascent,253986847,Synchro
244,Astoria,253908314,Shifune
245,Snowflakes,253423577,Woobles
246,Tenryuu ,252025558,★ Kcalb ★
247,Taikonnect,251682579,Kaem
248,One More!,251317687,Aegis
249,Handfuls ,250781575,sey
250,BLANKET,250550514,Xenoid
251,PrinsεxLa,249882861,Sayu-chan
252,Choten,249816973,DarkGe
253,Illuminati,249640941,Lucciana
254,PriNewYear,249126627,Yuute
255,AllForOne,248330312,Yuuki
256,WeebLounge,248268554,Division
257,LATIN@S,248086175,ll Zero ll
258,Requiem,248072053,Not Joel
259,月夜の黒猫,247092562,Gericho
260,Tryhard,246988734,Hanashee
261,Teh Slax,246855912,Pufftrees
262,Mondstadt,246181673,Agus
263,BattleBuds,245838357,Reality
264,C I I C,244788910,Lazurak
265,Aki Kouhai,243011347,Hazeru
266,Heaven,242108041,Tomoya92 
267,ChaoGarden,242066675,Dante
268,ZeeebFam,241633446,Hordian
269,Lucina,240982979,iStebz
270,Specialist,240961668,Ana
271,Sent,240005858,SentryCore
272,Matcha,239651882,Byrat
273,De'Empire,239567413,De'Keins
274,Starfall N,239075471,Megumin
275,Arknights,238557006,HungryMe
276,DELTA,238149882,VAZLEC
277,Paladin,237637998,Yuukimura
278,Leg Latina,237335321,Kayn
279,Kaminari,236742581,Nagisa
280,IndoWar,235409625,Azterisk
281,TamakiGang,235215246,Loran
282,Korosters,234034308,Saaya
283,Elfera,233713142,Weaver
284,Enet,232836643,Zeal
285,Solace,232119816,Tel
286,TeaParty,231469782,Sehesael
287,GawrGuraHQ,231352211,DMnyaPics
288,Thigh Men,231297729,Mico
289,Ka Boom!!,230141567,D.A.30k
290,Bread Gang,229699645,Harzgard
291,Pricunny,229191954,ChaiRaba
292,Teamates,228417444,Jolt☆
293,Creamation,228246038,Yuuki
294,Exodus,228200050,AngelVOC
295,Mugae,226456939,ShinoTomoe
296,Vanished,226359508,VA Tragedy
297,Clan CDF,225715575,Riyria
298,Red Army,225639000,RKudryavka
299,NORTHWILDS,225565141,RYUGANorth
300,TinyHerb,225426116,Rain
301,Kappa Clan,224101383,Raka
302,4ntureplay,223843458,Anecdote
303,Dramatica,223535672,s1ruth
304,Hololive ,223142973,Serath
305,Korone,222669792,Anri
306,Hebe Hill,222410698,Exi
307,Maidos,222079410,Ocifer
308,PandaClub,221694478,Gillian
309,ISEKAI V,221493379,Episode
310,PriconneID,221000778,ciri
311,LilyPog,220343108,kowze
312,Solstice ,219053874,Yuu
313,FuGs,218133227,Raider
314,Wings INC.,217804819,wingstop
315,Sparkling,216945366,Dunno
316,Ahjin,216148913,Akatsky
317,OutlawStar,215942707,Mugen
318,uwumetic,215905552,Hakeru
319,Izanami,215497159,hltaker
320,AvgD2,215182048,Jaxe
321,Cinnamon,212839671,Yohanne
322,Peco.wav,211745915,Liesel
323,DragaliaSG,211381682,Shift
324,Send help,211326011,Kaju
325,Flashlight,211215420,Piixers
326,Waifu,211124007,ShadowFTL
327,TakeItEasy,210174635,redo
328,Hololive,209664396,ティーザー
329,Kokkonuts,209389535,MadeToMaid
330,ハーレム王,208799283,クレオラ
331,Gamer 会,208724491,Gordon
332,HololiveLA,208709396,Kampunk
333,NeropolisA,208610561,SerackSK
334,Wut House,207910700,Wiggle
335,Roselia,207531650,Jake
336,Astrum,207480519,Kyo
337,Polaris’,206744935,Atofe
338,HAACHAMA,206127329,DarK
339,KingdomAR,205305517,Arphenia
340,Nslb,205132049,Sabian
341,Neehongo,204864880,AkaBaka
342,Nyanpasu,204500565,Daisuke
343,Hololive,204489234,4649
344,Zephyr,204445651,Jrizzle
345,DGD,204254126,Kamina
346,Paws,203207528,Acrzyguy
347,Familia,202929799,Cake
348,Union,202927333,Exemplar
349,F2PBTW,202278778,Megazers
350,Bismarck,202140681,Larxe
351,K.F.P,201887337,Utoko■
352,dark gang ,201435926,Regris
353,Yabai Desu,201429276,Feny
354,XCMoogles,199223441,Rald
355,Smokin' C,199037902,Eli
356,RoyalFelt,199013280,Asira
357,AmeliaHQ,198979703,Loli Lime
358,Luminera,198816516,AakBamba
359,Cataclysm,198605628,Lunamiel
360,Garuda,198435449,BeingX
361,Mechafe,198380960,Mechaf
362,Summer,197207323,Ziltoid
363,Asakusa,197166036,Sol
364,Discrot,196080901,Erahase
365,Melody♪,195718635,Wolke
366,RatAegis,195519050,Tanishq
367,Traverse,195273547,Skyicing
368,ThiccHeart,195181735,Makoto
369,MilkGod,194971387,WaffleIron
370,Panda,194629453,Domaru
371,KGGI,194011556,Donoven
372,NekoLab! ,193762480,Kinohara
373,7thElement,193118353,Kaden
374,ViViVi,193106833,gowoon
375,Gignomai,193034236,はじめ
376,Mekakucity,192224989,Shintaro
377,Haru Haven,191721563,Guisterix
378,Bonk,190952719,Jayson
379,Miku,190270712,Miku
380,Hepburn,190076651,Selkie
381,Dangomunch,189563602,Neptune
382,Hololive,189537285,Shishiron
383,DLWarriors,189517144,GamRHero95
384,Descension,189163815,Azi
385,KaiZephyr,188967608,Sepher
386,Sabnockers,188924058,Brazil
387,Lux~ae,188696915,Tamhar
388,Latinos MX,188662664,Chermy
389,PR TEAM VN,188600050,Kano
390,Yuru Camp,188326860,Karoshi
391,Gacha Hell,187786581,Astro
392,Ita-Legend,187734271,Calle91
393,Sad Sharks,187484720,Obsidian
394,Cafe Kani,187330474,Eilthis
395,Tea Party2,186999390,Sen
396,MapleTree,186854147,Xekie
397,TrymenT,186367755,RM_MXDJ
398,Diliconne,186294031,Euclius
399,INDONESIAN,185360431,FawnClaw
400,GibWaifus,185068005,Darkdragon
401,GatoClub,184706019,GatitoMon
402,AWAKEN,184528847,Andell
403,ELT,184465953,RIN
404,Exaltia,184443340,Nyto
405,PrincessFS,184284832,galleta
406,REBELLION,184193841,NekoMG2
407,River,184108770,チャンディー
408,Delicious!,183918364,Kujikawa
409,Pecoline,183892246,Noel
410,PRZK,183657270,Ozrealix
411,Fox Titans,183653824,(■x■)
412,Highly UwU,183516177,Macroism
413,Crunchyrol,182948976,MantasChan
414,Labyrinth,182604242,『Labby』
415,Axis Cult,182164052,Ryuuki
416,MeowCafe,181582262,Girameow
417,Jaegers,181497854,Anschluss
418,Megumi,181396850,Pots
419,Usada Co.,181032749,Zo
420,Weebs,181032495,Lysethia
421,Knights LA,180906772,Kike
422,Neo Magius,180692465,Naruko
423,Echoes,180611473,ミステール
424,CCB,180472871,Shiina25
425,Taurus,179985685,れい
426,Kit Kat,179392946,notlinkin
427,AinSophAur,179235909,Mimmim
428,pepeL,179116930,Potato
429,Honey,178950619,Iuri
430,Legend,178795696,Shyc
431,WeebDaPepo,178263787,Runic
432,Casual,178200043,Chat
433,☆☆LAZe☆☆,178200040,awestyn
434,PotumParty,177790232,Meow
435,AzurKnight,177725538,Teika
436,Pequod,177216711,Bagarel
437,LoliHentai,176595156,Lennartz
438,Eclipse,176550669,Zxadv
439,JoJoRef,176426207,Arap Petra
440,Slimearuji,176268161,Renleve
441,FuG,175683356,Turtle
442,Waifu Hunt,174605926,MadWasabi
443,Degenowets,173867420,XKaz
444,OverFly ES,173738819,RM Zero
445,KyaruThigh,173119429,ゆめ
446,Myujiku ♪,172847715,Julia
447,Chaldea,172822224,Data
448,Hotglue,171774889,Gene
449,Divinity,171180102,Yuhliel
450,Clan,171076293,Brandy
451,LoneFenrir,170740055,Lantha
452,Nousagi,170616201,Cyandel
453,Steve Club,170594886,Licia
454,Glory Hole,170481753,GH Thien
455,Pastel,170310544,Maygi
456,Bullies,169810139,sevi
457,Khaenri'ah,169607684,Kholdy
458,Holo House,169510958,Kadra
459,Imperium,169426522,Nao
460,Yggdrasil,169419167,Raz
461,Furries,169337817,Rana
462,Deadbeats,169245159,Demonthief
463,Beastfolk,169163761,NekoNyadia
464,Kenzoku,169138193,AllStar
465,Pecolines,168802029,Soul
466,Tiramisu,168715273,Nycris
467,Milk,168634780,molk
468,DarkStrayX,168411799,Vayne
469,Genesis,168393899,Astra
470,Endless,168359216,Angel
471,Halidom,168333618,Kinit
472,★★★HH★★★,168115044,Hygurozuto
473,TGM,168054206,Yarumada
474,Paper Moon,167737471,Eri
475,Ducky,167340516,yong詠
476,CherryBois,167251728,Baka
477,Biddies,166741775,Lulu
478,Priconne,166689209,Oriole
479,オCentoria,166429952,ズネIkazune
480,Ragnarok,166310378,Snaw
481,Tea Party,166305403,ElfensCode
482,WaifuLand,166296312,Mugen
483,KnightRaid,166203999,Katz
484,LoliBuster,166128216,Xiong
485,NyankoDays,166062962,InuDemon
486,Kitsunebi,165873993,Chremity
487,Neko Corp.,165822327,Strangelov
488,AozoraWing,165775020,HongBoi
489,PlayAtWork,165256042,Robert
490,SIMPVTuber,164915407,Bima
491,AyamBakar,164407640,Neoplasia
492,OJISAN,164245332,Jubei-chan
493,~Pandora~,163789499,XerxeAlice
494,Frontliner,163628140,GordEn
495,CalliGuh!,163576900,Zyphodeu
496,MahoFanClb,163322797,Elmo
497,PrincessSL,163283031,Akuma
498,INAcent,163183316,Harue
499,Lolis,163117242,RemUni
500,Lostbelt,162711526,Concord
501,Rebirth,162492659,Birdy
502,Z.H.P,162469343,Shark
503,LegionEren,161702733,XxSunderxX
504,DoggoReich,161579524,Gody
505,Gourmets,161491013,Soriu
506,セラー,160622500,dandelyn
507,BananaMilk,160569326,ShinLao
508,Polaris,160349720,Eucliwood
509,Indigo-Go,160079343,プロミ
510,Maple tree,159962016,Baka
511,Hatdog,159818580,Aegis
512,Kyaru Cafe,159804515,Voidec
513,Warlords ,159642653,namelesr34
514,Team SUGU,159517895,Setsuna
515,The Bakery,158385793,Towasama
516,Alma,158339970,Sthena
517,GAMBA,158182586,Inari
518,Waffles,158155398,Puddin
519,Bad Omens,158056801,Dosnachi
520,Luna,158006867,Akira
521,DEGENERATE,157825390,Panda
522,Hololive草,157688263,Noctis
523,Edelgang,157645558,Tristan
524,FromZero,157499646,Medichen
525,Goon Guild,157431011,Krajako
526,OtakuGuild,156986496,ShuOuma
527,phantasmPH,156960923,Malice
528,Zephyrion,156852811,placey
529,Galeforce,156762917,Munkus
530,WaifuGuild,156642785,Kagezu
531,Catgirls,156276312,Cookies
532,Yuuki Corp,155976613,Yuuki
533,FourShine,155636890,GustoWind
534,Hololive ,155547048,Robit
535,Slayers,155509199,Mystere
536,Jokers,155318212,VcldNut
537,Fun Island,155250450,Floyd
538,Connect4,155087845,HDKirin
539,HardCorps,154992992,Black
540,Futas Only,154671242,リサ ☆ ～('▽^
541,Soft,154638632,Pikadrew
542,Chile CTM,154599311,carlosky
543,CrimsonVow,153983877,Eevee
544,Crimson,153748942,ホーク
545,Shelter,153176616,Eunwoly
546,MappleTree,153034738,Jiero
547,Cardboard,152691025,Pell
548,Prismsun,152645519,Zeppel1n
549,NeoSekai,152628510,Aizena
550,Uprising,152626764,Algota
551,Famyth,152511115,Ryan
552,Priconne M,152444882,Priconne M
553,Overlap,152339848,Yuuki
554,Nazarick,152222935,Totbot
555,Nazarick,151679254,Snowind 
556,Inquisitio,151597369,Roko
557,Holy Relic,151129798,Sil'fer
558,Karylovers,151119359,Fujimaru
559,Jesta,150135090,Kha
560,RabbitFoot,150042076,Lapin
561,Hive,149820743,Hubby
562,Adamas,149644097,Emil
563,We A Boo,148730725,Xilvemn
564,Maple,148410778,Phaenna
565,Cunnychads,148293264,Leinadris
566,Maple Tree,148224349,Miscavel
567,BRiconne,148183989,Fahzudo
568,Peanut,147922492,Furotsu
569,QuackClube,147396086,Storm
570,AoiSora,147249891,Ryc
571,GOMEN YUI!,147012393,Pain3
572,Hololive,146772489,Xinahli
573,Lugnica,146509661,mob2104
574,DreamBox,146371967,Shogun
575,PecoPeco,146354636,Sekuhara
576,DHARK,146163961,@Skadi
577,FGO is fun,146050536,Mirai
578,Reviewers,145985412,Liz
579,GachaKings,145775339,Rakkii
580,Aurelia,145353985,Launtsuna
581,Furinkazan,145227570,Zag
582,GachaHell,144552255,Euden
583,Twilight,144267489,DoReMi
584,Infinity,144023349,An
585,BSC,143611180,ふわふわパンダ
586,FERDA Cats,143473333,KioKamX100
587,Strikers,143416739,MacBob
588,Phantom,143267270,phivu
589,Bakaforce ,143107606,Rem
590,FUGIS,143064202,whycuzanna
591,Abbella,142980930,JellyBal
592,Fatkb,142758746,Zerukun
593,ケモノミミ,142460274,Heroshi
594,Happy,142201606,Yoru
595,Takodachi,141892500,Locke
596,VirtualSim,141119601,helbitz
597,Sanctuary,141074209,Haruto
598,Anor Londo,140803369,Patches
599,BGG,140701039,Votens
600,Itogami,140588647,Kojou
601,Ouranos,140575589,BaDx
602,Waifu,140425690,ZeroTwo
603,Princesita,140353138,NaoyaMX
604,《Fantasy☆》,140151538,Kaiho
605,Tamagohan,139905629,Niveum
606,SadBoyHour,139880140,Valaxus
607,KitosVille,139876550,Kitosan2
608,Vesperia_f,139697097,Lawne 2
609,KingsCourt,139472448,Cheros
610,Fracture,139286827,Akavar
611,Vessalius,139254567,Veigascia
612,Defiance,139026928,Ciel
613,GenshinUwU,138873982,Aether
614,HoloStars,138554251,Twist
615,~NyanCafe~,138394475,Aokami
616,TeaParty ,137481916,DesuDesu 
617,NewDawn,137112153,kappa
618,Phamily,136206513,Genie
619,non-tales,136025663,ICEBB
620,NeverLucky,135828274,rei
621,Monogatari,135657288,今日子
622,Muffins,135480819,Profen
623,GiveWaifus,134992510,GlaZ
624,RimaLove<3,134889862,Justice
625,DGenerates,134887652,Itou
626,Sushi Bar!,134628427,Alerion
627,Stardust,134027749,Rithyl
628,NakiriGumi,133883893,Verzex
629,DMClan,133730516,Cosmicspew
630,hagunjison,133609677,yuumi
631,PekoPekora,133557069,Shinnosuke
632,TrueLumi,133498412,Yuuki
633,Horizon,132949320,Yui
634,Z.O.N.E,132822841,Tsukuyo
635,Amnesty ,132654191,Wokpan 
636,OtakuHaven,132606469,Otaku
637,Yulandia,132551188,Oogu
638,Azure Sky,132448960,Nick
639,B.Vesperia,132023763,Aeros
640,Azure,131352586,Myuuri
641,Prydwen,131110965,Abstin
642,MOMMIES,131022050,Anima
643,Latino,131001484,Mb.^
644,AE hai nha,130790707,Nyaa~
645,VALHALLA,130153745,HistRoses
646,Tavern,130031097,PI
647,ae mot nha,129715210,maisha
648,Lolisekai,129550557,Thufiel
649,FOTMCorner,129187954,FlyingCat
650,ArcadiaZ,128654741,Waka
651,Royal,128261766,Jinxie
652,Federacion,127794824,Arguelles
653,asianwhale,127426976,willydasis
654,Makai,126981586,Gio93ivan
655,ItalyCrew,126919164,Rasos
656,GachaElite,126782471,Andraxxus
657,Beehive,126449410,panPP
658,Aggression,126219509,Venatrus
659,Valorous,125571541,Fite
660,Excelsis,125532636,Arcus
661,Lotus Pond,125348957,Mase
662,Reunion,124961928,Kio_
663,Purinsesus,124955451,Gerblin
664,OwO,124598530,Axebearer
665,Precure,124561916,Ayra
666,Allucaneet,124257684,PinaColada
667,Kokkoro FC,123923159,Naru
668,FrozenBags,123846427,Nobbi
669,F2P,123781959,AD
670,G.Edifice,123750432,Yukishi
671,Yui Squad,123507670,Kazam
672,Hoshikuzu☆,123302243,☆ＨＯＳＨＩ★彡
673,Clan Cake,123202848,Rara
674,Bread,122965283,Naobu
675,FriendList,122925467,Sootchy
676,Polaris,122881241,Kazama
677,Konosuba,122832457,CC
678,Sugar Bell,122815945,i’m baby
679,UwU OwO,122689419,Hanyu
680,WaifuClan,122686891,Yuino
681,Arcadia,121609502,Coil
682,PoPiPa,121052438,Rhille
683,HoloCircus,120719370,Moca
684,LoliZone,120645098,Bugado
685,TeamHentai,120506824,Lumine
686,AEsir,120338063,RGrey
687,PekoPeko,120037953,Jerry
688,☆Zogratis☆,119988959,VaNica
689,CRIMSON,119923713,Sabre
690,Chaldea,119600569,Bryan
691,Brave Wing,119522969,Hukori
692,Nousagis,119495207,Kuro Usagi
693,Shaaaarrk~,119372369,Storm-nyaa
694,PekoPeko,119243226,Wexpros
695,GachaBros,119068614,Soda
696,Myth,118939975,kira405
697,727 WYSI,117872238,Pepega
698,Meta<Waifu,117830998,Tummyrubz
699,Unleashed,117646342,Lucas
700,Crackhouse,116874409,Tizianone
701,Force,116325810,Mesarthim
702,A_IRL,116306993,Aps
703,Alcatea,115278463,Suto
704,GrandOrder,114791685,Solaris
705,BugSnacks,114583296,CDROn
706,Midnight,114571980,Yogi
707,Kpop Stars,114492455,RyuuHana
708,Fairy Tail,114274223,Kelly
709,HololiveSG,114131589,Dreamy
710,Vuhridian,113581430,VuhrCulls
711,Onigiri,113513666,Diliki
712,Bard'sKing,113133633,Loken
713,Kimokishi,113130329,Kimo
714,Re:Creator,113028792,アレクサンデル
715,NestGaming,112981696,Troporange
716,Karyl Team,112826851,Green
717,Waifu Time,112650071,Yubi
718,CommieWeeb,112642248,Inglo
719,EXODUS,112433419,CutiePie
720,Gacha Hell,112330659,HETCH
721,LatinosLA,112192510,Naofumi
722,Sintaxys,112170364,Amana
723,Revelation,112045793,Zaregoto
724,MoguMogu,112023172,EcchiCao
725,Friendship,111824307,Baka
726,KaedeTree火,111799996,Anly
727,SingSmile,111681942,SS | Deca
728,NekoNyan~,111571745,Ciotty
729,HLQ,111394819,Nao★Mi
730,Ascendants,111377336,Lull
731,Nightraid,110860057,Yuudachi
732,Aincrad,110833595,Reika
733,Shrimps,110026981,Onyx
734,Lumilive ,109837796,Reiyu
735,KyaruHappy,109738653,ivilles
736,Squackers,109266025,Lucid
737,NeropolisB,109243171,RikrdoSK
738,Frontiers,109124379,Ayana
739,NekoHeaven,108944484,Krash
740,Tentacles,108800038,nesnalica
741,Benienma,108467499,Vicu
742,Yubiyubi,108373507,Lumine
743,Edelfelt,108190781,Nikola
744,Fet,107972784,Yuju
745,ユキSnow,107612360,Icephantom
746,Indo.Crown,107312524,Ajeru-K
747,GoldenMix,106874278,BenKun
748,HollowLive,106710832,Daido
749,F.S,106679587,Shiro26
750,We Gacha,106338660,Alvin
751,MaouYuki,106296468,MaouNobu
752,Salty Club,105952299,Seeker
753,Splashstar,105947119,Kachidoki
754,KawaiiClub,105447540,Misaki
755,WaifuLaifu,105437697,Lukas
756,Isekai'd ,105279103,KokoroThic
757,Gourmet,105011348,Genpaku
758,BlackRose,104713796,Shijjin
759,Apocrypha,104307484,☆APC☆Marcy
760,Pekora,104284829,Tsvkino
761,Nekonoyu,104237288,ZerD
762,ホロライブ,104219026,白上フブキ
763,Hanami,103908407,Kenneth
764,Arcadia,103691041,Zafkiel
765,Sugar☆Life,103678043,Matsuzaka
766,Lupercalia,103289903,Airas
767,F2P,102860146,Cukidesu
768,Hololive 草,102721531,Pod
769,GachaGamer,102672399,ayayrom
770,3rdFaction,102440062,Rasoj
771,El-Melloi,102388602,Sean Bean
772,ame cult,102386131,miso
773,Nekopoii,102131268,RShunter
774,KFP,102071804,Eldot
775,Kokkopals,101914678,KiddyCorky
776,Casual KFP,101863151,Mel
777,Clan 7,101841519,LifesDream
778,TENGOKU 天国,101810834,JeForceX
779,Aesir,101799291,Master
780,Lunaria,101665728,Kuro 
781,Ryuken,101562176,Sora
782,Ataraxia,101541503,Kouki
783,AetherLost,101517321,Lobo
784,SHAMELESS,101306944,DONKEYKONG
785,Behemoth,101218846,Tibbers
786,Endurance,101110397,BaddiNaddi
787,Aegis,100944562,Maru
788,PrinMeme,100810276,S2AoiS2
789,Complain,100791188,Steven
790,Hololive■,100487863,Diego
791,Connector,100451208,Muse
792,Yakumo,100364238,Mio
793,La Soleil,100200372,Andreas
794,Takodachi,100121970,Chino
795,The Orzhov,99849669,Neo
796,Waifu,99599535,Jude-kun
797,Teyvat,99519414,Cirieal
798,Latinorder,99485859,Touch Me
799,Quartzer,99447243,Yuuki (Ein
800,DieLondon,99417867,Zero
801,KFPrincess,99289298,Ω Lethiur
802,Kagura,99162523,Winkmancer
803,TCinnamon,99150911,Demon
804,HololiveBR,99061405,Gbporto
805,Evergreen,98953008,Yumiko
806,Takodachi,98888961,Tru
807,Pudding,98862883,Ahegao
808,Blood Rose,98429888,SKyMDX
809,1Channel,98401957,SarenSimp
810,DripNation,98393295,Prince 
811,Eternia,98250691,Lunia
812,whataweeb,98226615,Nyrrikki
813,NeverSlow,98197948,Banana
814,Chaldea,98045998,Houtarou
815,Archangels,97704657,Ferris
816,ホロファン,97682730,Revenant77
817,Tentacult,97538658,Thelsil
818,YorHa,97489352,SkyDragon
819,Celestia,97269774,Revelin
820,Yagra,96985087,Somaka
821,Hololive,96977528,Yago0
822,Shienka,96796162,Touma
823,GrandOrder,96379457,Laundy
824,Kurzed,96226505,DarkBlack
825,Casuale,96176400,KiwiBear
826,Summon Inc,96086385,DIO
827,POGanitor,96031797,Takeshrimp
828,Indo,95781015,Else
829,The Nimdom,95755578,FЯИZYCHΛOS
830,Noxus Clan,95641751,KidoSenpai
831,Vilsugia,95592967,Riumx
832,Kyaru,95413606,Linja
833,IndoPride,94976716,Rozmark
834,Weeblet,94814436,Kiyan
835,Rad Dreams,94645158,AnimeFeet
836,Tiramisu,94540750,Kouhei
837,AkukinCrew,94527549,Gyokuran
838,Takodachis,94153682,Blart
839,ChumBuds,94113379,Tony
840,SAVATO,94079949,Yotsuba
841,Loli clan,94050928,Foo Zhan
842,Astrea,93950222,Bishop
843,Platelets,93810612,Zephyr
844,nuko,93795846,bearbearGR
845,CatIsLife,93792820,Zelk
846,RecehCorps,93525017,Pecoducer
847,Fate,93480501,Spacewalk
848,HoloKnight,93397323,BenDy
849,HLS,93213032,Taishi
850,Watamates,93143831,Makironi
851,Nousagi,93124418,Leaf
852,Materia,93068757,Traver
853,*Eternal*,93013559,Kazuma
854,NewAge,92918086,Juplas
855,IndoMilk,92901874,Danru
856,Shrimp,92492225,Kevin
857,Hololive,92391624,Solid
858,R.R.R,92072133,Sora
859,Ara Ara~,92068861,Apotheosis
860,Kokkoro<3,91926941,Viking
861,Violet Eve,91766117,Cheshire
862,Waifus,91528887,Tefari 
863,Serene,91518149,Exshia
864,Fated,91479071,Watame
865,Yabai,91441499,Link
866,Iron Blood,91429387,Ven
867,IsekaiHard,91212427,Kevinivek
868,Pekoland,91003521,Yabo
869,Neko cafe,90878162,NekoLam
870,NeropolisC,90800038,Archer
871,Viet Nam,90800038,Chikato
872,Kuroneko,90800037,Kuroneko
873,LoliGakuen,90800032,Soap
874,Love,90693507,terryshado
875,Maple,90511630,Fez
876,Waifuable,90509192,Rad
877,Anxiety :S,90243010,husbando
878,Shrimps,90238233,V H P B
879,Pure,90212857,Ramen
880,Skyfarer,90138007,Snow
881,M♡E,90112646,Aoi
882,TensaiTeam,90111782,Ashcroitt
883,☆STAR☆,90101939,Reyna
884,RouHa,90080641,Sei
885,HOLOLIVE,89915489,Felnal
886,Iridium,89869552,Saphira
887,Re:Genshin,89653098,MisterFix
888,INDONESIA,89515026,Alex
889,Ignoto?,89368382,Igls
890,Kusa,89345909,Kiran
891,AntiRain,89145336,Berwick
892,Waifu Cafe,89111525,DoctorDooM
893,Tomodachi,89076723,Norido
894,Neo Blood+,88584383,Justin-San
895,Mapletree,88571654,TexasBf68
896,TamBayan,88213871,TatloDos
897,Night cats,88201272,Shadow
898,Sadge,88055214,SomeThingy
899,Snow Wings,88043048,Mikeowo
900,Re:Try,88031480,Sera
901,Ohana,87985701,s2eha
902,fuyu,87983112,over
903,Valkyrie2.,87897338,Shu-kun
904,IdolMaster,87851956,Azusen
905,Simps r Us,87637276,Asthorashe
906,Applesauce,87621626,NBMG
907,West Java,87549014,Sooser
908,Croissant,87163842,Reizo
909,1MillionHP,87160666,Valteros
910,Wonderland,87008616,Supa HM02
911,Rose,86992117,Doron
912,Indonesian,86903277,Knighthart
913,Explosion!,86848870,Megumin420
914,Tenryubito,86591452,Yui
915,YEPKOK,86568237,Prishe
916,Einherjar,86555780,Vayne
917,Yubi Yubis,86435066,Moe
918,Lost Memo,86394957,Zador
919,Ex,86340485,Jouhen
920,Pleiades,86232673,Waterb0ttl
921,Chaldea,85874325,Rionne
922,GODLIKE,85729513,Yiep
923,Tentacult,85722325,Turtleblox
924,PogO,85601529,WarGrunt
925,KreamPie,85584599,Bean
926,PriKnights,85538273,Gerald
927,Neko,85528095,DBZ007
928,Breakfast,85468389,Uriel
929,Waifu,85255197,Eddie
930,Hololive,84956989,Hololive
931,otokonoko,84700825,Zero
932,Leaf,84680817,toki
933,YEET,84623257,Skeith
934,Kyaru-chan,84478884,Vaneki
935,Kokoropyon,84260681,Kirinodere
936,Bilat,84255078,Saren
937,Fujiwara,84006542,Luca
938,PekoPeko,83761290,Yami
939,Apple Pie,83623616,Ryoko
940,MagicalPaw,83622254,Mako
941,Anime Cafe,83487766,Nico
942,WAIFULAND,83460246,Krylancelo
943,Tentacult,83403446,Tsubaki
944,NoLife,83338445,Hazery
945,DeadWeight,83245525,BrokenGOD
946,Paradox,83221698,Nero
947,Sweets―●○◎,83153709,AeschenRE
948,Moonlight,83140337,Alisha
949,FlowerLily,83064161,Julz
950,ZAWARUDO,82872236,DARK
951,Valkyries,82857066,Samus
952,ClanGura,82554118,Roxas911
953,CrownCourt,82521141,Kouryuu
954,Lewdless,82445429,Glyph
955,Red Sun,82382009,Siegstorm
956,Elf Lovers,82228155,Sefidea
957,PANCASILA,82100200,Vince
958,Dawn,82008532,Rice
959,Rat Gang,81958814,Quiescent
960,Argonaut,81867373, Xaradas
961,Futa Satyr,81857926,Goche
962,Pain peko,81780062,Takodachi
963,ShamiMomo,81720958,foxyfeint
964,1001Fetish,81601995,drakhend
965,Chaldea,81491262,Graegax
966,WaifuHause,81424230,Kma
967,Lalaion,81305182,Kaoto
968,WAI-fU-LIF,81259377,EvaX
969,La Luna,81231600,Cricrane
970,暖かいサンダル,81190519,wasdbob
971,Twiceland,81010693,Arswar
972,Chuunibyo,80971186,SlashDog
973,Kos Putri,80763137,Rakun
974,S.O.S Brig,80579764,Coral
975,Rankawai,80533153,Bason
976,AlpacaArmy,80493521,Kaito
977,Reckless,80425497,Sloth
978,Isekai,80400035,Vanilla
979,Chaldea,80400031,Tayschrinn
980,Salt Inc.,80371987,Jhanz
981,PrismStone,80332291,Jenesis2n1
982,Whale King,80300792,Devilin
983,StarsAlign,80183058,Ziggy
984,Red Dragon,80161113,Kaneko かねこ
985,LatinoMix,80153185,Darkay
986,Aurelian,80087232,Lapis
987,Dragonfly,80016258,GRIMM KING
988,Hololive,80005823,Rushia
989,Undecide,79929581,Vissart
990,Naptime,79830892,Rin
991,Red Moon,79709900,Kami
992,Bloodstar,79678342,zMrBacon
993,Hololive,79659104,TMT3!
994,HOLOLIVE,79318073,Lolikyu
995,Dragalia,79270282,Scant
996,TOBA,79234969,Hikki Crow
997,Kingdom,79211175,Mornstar
998,BottomLeft,79010882,Ragian
999,RerollCity,78985546,mayfu
1000,TeaParty,78917956,Triitter
1001,Baka,78858457,Celeste
1002,HoloClan,78840795,Akaiwatson
1003,Pecorino,78664392,Soju
1004,Thighs,78664360,Odin
1005,熊熊,78500217,Haikyaku
1006,Palamecia ,78290847,Ariito
1007,Growth,78262508,Mikel
1008,Cat Girls,78191688,Ziveko
1009,Hime,78039917,ran
1010,Lumina,78001214,Mathew28
1011,Axis Cult,77730816,Gaelthas
1012,Mexico uWu,77693776,Leo
1013,DokiDokiLC,77597505,AyyySensei
1014,SwordGirls,77392533,RateUpALie
1015,「水」Cafe,77376032,Kazuha
1016,PhEagles,77340129,Ijras
1017,FatFish,77322106,Myuki
1018,PH GREEK,77241531,Muscullar1
1019,Arknights,77166323,? ? ?
1020,WarungKopi,77072533,Kunkun
1021,PrinCEsses,76998852,Cal
1022,Mikoland,76977082,PhillyJ
1023,REALITY:ID,76913150,R.G.Y.B
1024,Cuties,76911483,Mski
1025,BB Brigade,76892562,Yuusha
1026,AAA,76817874,Psyiii
1027,blackmodne,76781200,Yu
1028,YabaiDesCL,76749375,Nisesummer
1029,Baka,76725713,Ducky
1030,RE:Goon,76688178,kirtar
1031,Gacha hell,76677871,Yuuki
1032,SinoAlice,76640482,ザ14
1033,Okayuuuuuu,76601843,XyByte
1034,GoldenZero,76499458,LuisOhZero
1035,Stardust,76457680,Serph
1036,Ganyu,76254959,Linkraye
1037,PecoPeco,76202886,Jicho
1038,TapirCult,75925362,Erla
1039,pekoland,75863212,Loser
1040,FluffyTail,75849855,Ikushi
1041,Pie Cake,75708493,Milk
1042,Hololive,75688968,Rhum
1043,F2P clan,75670202,AcXais
1044,Memories,75588913,Eternal
1045,Ragnarok,75576885,KazeNoRyuu
1046,FunBuddies,75576168,Hadarios
1047,Lunatic,75507591,Lunaris
1048,KrustyLand,75348901,sausage
1049,Nazarick,75309058,SuzuSuwa
1050,Chaldea,75303779,Raijin
1051,uwu,75278046,Drea
1052,Neko,75251017,BokPudding
1053,Adamant,75245364,Jake
1054,Guardians,75197106,Malone
1055,yagoo fans,75192168,Felin
1056,AnimeGoons,75184019,Medix420 
1057,Loyalist,74988146,Durandal
1058,Scarlet,74972951,Leen
1059,GachaHell,74924975,thefakeKSI
1060,Kaiju,74842832,evol128
1061,Epsilon,74810658,Kiria
1062,Invincible,74692183,Darken
1063,Shadowloli,74581721,Atho
1064,Niflheim,74527918,Fool
1065,KITIRA,74453542,Jarred
1066,Narukami,74393189,Yakaritsu
1067,I <3 KMR,74298601,Arararagi
1068,Chile,74283922,Farius
1069,BrasilPog,74239294,lavaral
1070,Yamete,74227861,SirDag
1071,Valestia,74217265,Whisp
1072,SleepyTea,74195651,Rinku
1073,Celestial,74165907,Toushin
1074,Grota N,74122477,Kamruz
1075,YagooDream,74069031,San
1076,peco peco,74068473,Axel
1077,Cultural,74059794,Eut
1078,PECOOORINE,73953007,MyCu
1079,gaming,73920993,coombs
1080,Solo Level,73801717,Argos
1081,Franchuchu,73689825,Gin
1082,Comfy Crew,73662303,Lushflare
1083,AYAYA,73617361,Bancho
1084,SevenCrown,73568080,Riri
1085,Anime,73565267,SpaceJozu
1086,Zerobantai,73534811,Funek
1087,StormBlade,73471748,Hikai
1088,(ಠ_ಠ),73447971,Akiba
1089,pain peko,73416909,Maki
1090,Requiem,73370453,Christian
1091,Solaris,73329982,Red of Sun
1092,Padoru,73210521,Gremlino
1093,Malaysia57,73049264,Miho
1094,AhjinGuild,72732725,DarkHero
1095,Waifu Land,72671419,Exile
1096,Re×CrowE,72600024,PeTai
1097,Celestia,72600022,Iris
1098,Skadi,72475618,Kaz
1099,Ara ara ~,72450466,Wallace
1100,Katsubaron,72322179,Yuuki
1101,Chowder,72319287,SandraSaur
1102,The Boys,72277594,MamaLuigi
1103,PlaWaifu,72269216,MiroYazawa
1104,Dead Beats,72095208,Omni
1105,Waifutopia,72032980,Lupia
1106,Daylight,71952550,Torodora
1107,LatinoS,71890746,Sasami
1108,Moon Cell,71593055,Artoria
1109,Harem,71542695,Gluttony
1110,Ark,71519838,Velotte
1111,Runeterra,71456690,Yuuki
1112,MoonNight,71436822,Frostou
1113,Divine,71430309,gaudio
1114,LoliCorps,71339820,Juan
1115,Deus Vult,71234277,Montana
1116,Eternal,71141460,Sonoda Umi
1117,Halcyon,71117948,Vic2x
1118,Takodachis,71079674,Purin
1119,Borealis,70932732,BENE3000
1120,Waifu Love,70777592,DarthBunny
1121,No Fluff,70560322,Makmur
1122,PCR ESPORT,70526717,ehanehan
1123,:) ,70428657,Rururu
1124,Headnod,70272489,DankWeeb
1125,Regulus,70194256,Kevin
1126,Waifu>Meta,70094340,Kyuubay
1127,Aoi Tsuki,69838939,Aka
1128,Ecl0pse,69789553,Sol
1129,Ecchi,69780289,Bre
1130,Tea Party,69613198,Yuuki
1131,iSpy0ppai,69546555,Xenon
1132,Verflucht,69456240,Fragarach
1133,Kuma Kuma,69332719,Aznpanda
1134,Lotus Neko,69097168,yamennya
1135,Nekopoi,68905806,Garox
1136,AwakeninG,68772322,Yuuki
1137,SmallBewbs,68659096,K
1138,共和 Kyowa,68348447,Min
1139,BigChillin,68343651,Pai
1140,Nublets,68328114,Steven
1141,MoonCell,68317483,YuZz
1142,SevenCrown,68177919,Keimorizh
1143,Waifu,68136417,ChallPro
1144,Holohive,68135939,Snowflake
1145,Lewd Cafe,68115063,Hafiz_YB
1146,OgHma,68070832,Yuuki Rito
1147,FrenchTeam,68007877,perpix
1148,CWP,67816864,Z_Paragon
1149,BLANKET,67691897,Gister
1150,Yggdrasil,67565880,Kitsune
1151,LoliPolice,67440371,Fenix
1152,Introverts,67345904,Jai
1153,Clubers,67240250,Kuro
1154,Kingz,67141172,Saps
1155,Dauntless,66832610,Nate
1156,SugoiDekai,66791918,Torisutan
1157,HomeHearth,66709138,Arzee
1158,Latinos,66667617,Glas
1159,Cunny Gang,66662360,Lummi
1160,Requiem,66351202,Yuudachi
1161,Nekotsuri,66338170,Kaito
1162,PEKOLAND,66290592,Desoloth
1163,Amaterasu,66184661,Konan
1164,Astrea,66156683,E30G
1165,Excalibur,66139870,Rayxus
1166,Pantsu,66116665,Suv
1167,CHALDEA,66080698,Sorey
1168,Re:Astraea,66032992,Myumi
1169,Waifu Wars,65962578,Permafrozt
1170,Bridge,65947782,Parsee
1171,HoloSimp,65826770,Gura
1172,KnightsDen,65550487,Macbeth
1173,WhiteLotus,65493820,Lanius
1174,Pocachino,65447570,DizJoji
1175,進撃のpepegas,65416444,Shinichi
1176,Gourmet,65053134,Ivan
1177,Universe,65011093,ベルにか
1178,Zeppely,64997998,Spront
1179,Bonsai-ke,64968586,Priborg
1180,~ROYALTY~,64966155,Rubia
1181,Loli Gang,64955515,Ding
1182,Oni Fans,64806259,Karen
1183,BrasilTeam,64667789,Hiro
1184,Pouet,64634977,JZ
1185,Mikazuki,64141096,Yukinon
1186,Baka,63929524,Takumo
1187,Alexithymi,63855697,Aralia
1188,Ellesmera,63844142,Asinickle
1189,Strelitzia,63797132,Sabi
1190,Germany,63738337,Sakura
1191,Io,63729810,Exia
1192,Maple Tree,63617415,RHDx
1193,OxO,63587247,Harpy
1194,TiddieLove,63579983,_aarashii_
1195,Yggdrasil,63463619,Houtarou~
1196,Funny Lead,63416996,Yuusha
1197,Maho Mafia,63415462,Charme
1198,ULTRATHICC,63414563,OreoShake
1199,Dynastia,63335089,Destably
1200,Daycare,63329355,Demeco
1201,FarmDwaifu,63236956,Irushia
1202,WaifuG0DS,63209485,xPeter
1203,Avalanche,63191858,Altan4444
1204,RedKnights,63189949,Crimson
1205,Nyanpasu!,63165801,Karma
1206,Rainbow,63136531,Luna Lilia
1207,LogHorizon,63084725,Knight
1208,Homura,62945585,Blaxell
1209,OYASUMI,62781443,say cheese
1210,Dumb Cat,62592267,Kafe
1211,Pies,62567722,Pies
1212,Gourmet,62417512,Yuuki
1213,Karyl Love,62300398,Veers
1214,Crossbell,62286964,Ryukrabi 
1215,Moo Crew,62104159,Coconutcow
1216,Phantasia,62103645,Lammi
1217,Ragnaroth,62083693,Hayate
1218,Valiance,62021320,Valiance
1219,Iron Halos,61999009,Meimi132
1220,Ichiban,61840774,Nonpon
1221,Celestia,61825027,Scruffy
1222,Exiliados,61756684,Raven
1223,LDX #ITA,61656953,Hakase
1224,T H I C C,61611845,Kanon
1225,Tea Party,61546015,Kanna
1226,Tempests,61453198,Kwems
1227,TheKingz,61379556,IkkiKenta
1228,Destine,61253909,Xaxoqual 
1229,Pain★Peko,61243099,Falle
1230,Worst Luck,61209112,Scrain
1231,Atelier,61170150,Rimuru
1232,Paladinia,61133445,Ark
1233,Waifu Lane,61089155,Lord Azian
1234,Vancoor,60934600,Smiles
1235,XFG,60840280,Panda
1236,Sweet Love,60739809,Nanyu
1237,Tea Party,60719909,Gummy
1238,Holoweebs,60639919,Webtaz
1239,UnholyMoon,60608009,Gehrman
1240,VALKYRIA,60531413,EtriusNg
1241,Usada Co.,60522225,Zweross
1242,DragonCage,60464358,Lunisor
1243,HololiveSG,60427484,Kud
1244,Aurora,60389903,Charity
1245,Yuru Clanp,60387424,tB
1246,Hololive,60382663,Nakihito
1247,Arcadia,60346563,Noire
1248,Akatsuki,60338753,Sharuf
1249,Glory,60261985,Christ
1250,Snow Foxes,60258931,Yung MASTA
1251,Memo,60246910,LuckyPlum
1252,Hololive,60237466,Lasonya
1253,G.Twilight,60124702,CloverPod
1254,YUBI YUBI,59999430,Ren
1255,GremoryUwU,59841515,Shino
1256,Hololive,59827390,Mystarine
1257,青空の声,59767937,Red Player
1258,Orion,59691175,Micamin
1259,OkaKoro :),59461693,Quyn
1260,Phantoms,59419588,Digi
1261,ワイフ集め部,59375949,レンスちゃん
1262,Idolradio ,59373465,Sigurd
1263,Requiem,59142448,Frilly
1264,Unicorns,59079595,Tasty
1265,ArgenSimps,59015239,Kanishka
1266,Tsunderes,58829176,Reki
1267,Tekkadan,58756481,Nightmare
1268,Neru愛,58755696,Dalam
1269,Chumbuddy,58627715,Gogooma
1270,Disconnect,58349837,MightyNoob
1271,Simp Squad,58310058,Bri
1272,Based,58253293,Alan
1273,Hestia Fam,58235539,Tm
1274,Waifuable,58185660,Nezperdian
1275,Keklisto,58159450,Hammu
1276,LiF Pact,57950953,RemTM
1277,Hololive,57873475,Kuza
1278,Alfitaria,57714185,Aragos
1279,italy,57605957,MRX1997IT
1280,Light Weeb,57604416,Liv
1281,Mym,57502263,Euryii
1282,Odd Jobs,57459879,Edo
1283,Maple Tree,57416021,DarkZero
1284,Lockheart,57379810,Dae
1285,KFPWorker,57346274,Campoy 
1286,Pepoga,57322277,Horo
1287,Gloria,57294986,Fate
1288,Cat Cafe,57212515,Tantris 
1289,Waifu Club,57065708,Baws
1290,Nyan Café,56930165,Milk plus
1291,Shrimps,56735866,Yuuki
1292,Labyrista,56508679,Elfest
1293,Azgeda ,56480641,Selene
1294,Waifu-R-US,56426262,Chaos
1295,Prinzessin,56379715,Oscarion
1296,Maple Tree,56308539,TimOthy
1297,SleepyNite,56269898,Feyblade
1298,Frog Squad,56227312,サトシ
1299,celestial,56219644,HegsPrmn
1300,Simp Gang ,56127312,OhmaZio
1301,Utopia■,56099919,Oujimaru
1302,Luv(sic),56087842,MIXtempo
1303,PecosPecos,55961573,Mikop
1304,NoFun!,55955610,Meda
1305,QUANTUM ,55949312,AvengerA
1306,Vo Danh,55920271,VoDanh777
1307,WAIFU HUNT,55752850,Sigure
1308,Neko,55725449,Zephyr
1309,Wonderland,55560493,MLEANNP
1310,Gestalt,55264262,Cinkz
1311,SunnyBreak,55074648,Aviator
1312,Noblesse,54952287,Lilydyan
1313,Stardust,54891177,Tsukasa
1314,BoysCry,54862428,Akaza
1315,ESR-FF,54861178,Annie
1316,Sky Alt,54817555,Myanyb
1317,Derp,54800618,xDB00BxP 
1318,Cowfriends,54773982,3k
1319,HoloPatas,54600523,Sicc
1320,HeroesPH,54589964,Syren
1321,Aether,54569219,Naydra
1322,Eternalia,54565712,Esthenia
1323,ArcaneSync,54527697,SirPhoenix
1324,RantaKou,54411116,ghozzil
1325,Loliconne,54385603,Lulu
1326,WhaleTears,54355666,Orli
1327,GachaSalt,54309367,Sarcun
1328,Fae Garden,54275618,Oberonyx
1329,Honey,54191609,Yuuki1011
1330,Casual Sky,54177546,Kazehaya
1331,Hololive<3,54113528,Yuu
1332,Exodus,53946645,Luxai
1333,Yandere,53846390,Chi~chan
1334,One Piece,53822820,Lito
1335,Resonance,53811459,Soul
1336,Infallible,53541610,Vahn
1337,Epiclietta,53521385,GoodyGlady
1338,Hime Clan,53501388,Yuuki
1339,Free2Play,53497462,Zikki
1340,Waifu-Roll,53291888,Yuuki
1341,Mercernari,53240753,DVander
1342,Aqours,53168613,otY
1343,FLMConnect,53152736,RoyerMex
1344,Madoka,53134639,MadoHomu
1345,HappyGirls,53008003,Tleil
1346,Nazarick,52948401,Frost
1347,JailTime,52901172,Yuuki K.
1348,■K-ON■,52887908,TeKilla
1349,Ad Astrum,52882821,OrekiMaxim
1350,PecoPecos,52848986,Helix
1351,Froppy,52800939,Goose
1352,FGO ITA,52789904,Menga
1353,SCOURGE,52676827,wolffit
1354,Lastation,52581035,Meguca
1355,Hololive,52575766,Kouman
1356,Mexico,52546746,KaHoZ
1357,Tea Party3,52527370,Sylphiette
1358,Holo_degEN,52514299,KariKira
1359,Shalinis,52485095,Blueakasa
1360,Realize,52338568,Luthica
1361,Hololive,52337795,HololiveSs
1362,D4DJ anime,52192301,Lockon
1363,NEET 101,52160111,Lanz
1364,Cadenza,52122148,Fujimaru
1365,TraitorCat,51953429,Linky
1366,Hazel Tree,51906476,Selvius
1367,Naps,51890886,Sayanos
1368,  HAACHAMA,51869246,hamster
1369,Neko,51745218,Rily
1370,HoloSimps,51694706,Udon
1371,ホロライブSimps,51679683,Pandora
1372,Citadel,51582331,Molly
1373,Aegis,51579201,Dysc
1374,Flawless ,51522685,Aero
1375,ViLLAiN,51506780,jotarokujo
1376,Azurlane,51437450,Davwdw
1377,Espa■ol,51355327,Yuuki
1378,N!GHTMARE,51341131,Wazjig
1379,Dark Triad,51226423,Old Yuuki
1380,Dragonking,51206214,panaton
1381,Yubiyubi,51190388,Shinzou
1382,Holo DDs,51046537,BGhost
1383,Casuals,51017376,Arcanas
1384,Paradise,50998376,Admiral
1385,Blue Rose,50847354,Matthew
1386,Green Tea,50788491,Vann
1387,Brasil,50703483,CaosBr
1388,Chaldeans,50605845,Squirrly
1389,INDOguild,50564166,BARAgaki
1390,■ＫＩＮＧツ,50524531,Itzjavi
1391,nHentai,50456194,Touma
1392,Kitsudon,50388756,byo
1393,CASUL,50340824,LingYushi
1394,Zekken,50307180,Hikari
1395,Magius,50233546,Drygan
1396,Gremlin,50210482,Cancrey 
1397,ThighHighs,50148274,Cetus
1398,HTT,50104881,Boop
1399,Gooberland,50008419,GooberFajL
1400,Choco,50002909,Puzzle
1401,Pain-Peko,49963199,Wheezer
1402,July,49897922,Yun
1403,WhiteLotus,49894962,Doradoxl
1404,Royal Hawk,49810520,Hiroshi
1405,LKD-404,49769774,Lastjack
1406,Waifu R Us,49744351,Wrato
1407,SugarPlum,49676954,Kevin
1408,Daijoubu,49462143,Appriser
1409,Eclipse ☆彡,49450189,Melaure
1410,Shadow,49422705,Redgold
1411,Mym's bewb,49316902,AxellAI21
1412,MILKERS,49150284,Lambo
1413,Only Flan,49146035,Mir
1414,Pain Peko,49119225,iNeedToKms
1415,Sunset,49061357,PokechuXD
1416,GoldenDeer,49038740,Kaitoku
1417,-=VALIANT=,48972507,Veyli
1418,Brightside,48906327,Yamcha
1419,Dulce Lume,48885391,Meisz
1420,Garde,48805922,Ash
1421,Avalon,48802350,Riku
1422,Teamates,48674955,John Titor
1423,Paranormal,48631385,Soda
1424,Bujankers,48523426,Holyranger
1425,Whale4Real,48481909,Natsumi
1426,Empanadas,48458758,remc
1427,Strife ESP,48441736,Mawe
1428,LatinClub,48381606,kerk 
1429,Red Dawn,48362126,Yuuki暁
1430,Brasileiri,48338870,Alka
1431,DewDrop,48319695,Yuuki
1432,Escapism,48118446,Razor9
1433,Unravel,48081424,Yuu
1434,SimpNation,48063404,acriv
1435,Waifu Corp,48056072,Maruko
1436,W.flugel,48056067,bzrx
1437,Chaldea,48033026,Insertname
1438,Phantoms,48001922,hollowjack
1439,Spanish,47997698,Ignaya
1440,Specter,47962364,Gloopy
1441,Starlight,47901868,Cloud
1442,Kawaii,47880329,Shiro
1443,CuteNFunny,47847509,J@m3s
1444,Yiazmat,47843855,Brinni
1445,Mirakuru,47731659,Kesara
1446,Vibe Team,47566008,Alexand3r
1447,Buttermilk,47452924,Kolorana
1448,Weeb's Uni,47380577,Chocolate
1449,Shrimps,47341671,KJTx
1450,Sleepii,47229659,amigo25
1451,Grimgar,47214096,Mikko
1452,SinoArc,47165891,Ben
1453,PotasioHQ,47036071,Fros
1454,FANTASY,46962863,Momo
1455,『　』,46906776,ToraBlan
1456,FoxTails,46859612,Chino
1457,Apocalypse,46673300,Uub
1458,Hell Fish,46662152,Eas
1459,Jojos,46520079,Dogtor
1460,SunsetTofu,46460301,Tohru
1461,La Grasa,46406414,Yuuki
1462,Abyss~,46318377,Ash
1463,ISEKAI 異世界,46177648,ゆこ
1464,Arrinsees,46121209,Erl'aviasz
1465,Sangria,46113086,Xolius
1466,Lolicons,46002189,Jemden
1467,Error 404,45947057,Shepard
1468,Re:Casual,45922216,Kazuma
1469,Degenerate,45891999,J4lt3r
1470,Leonia,45889528,Lukiciel
1471,Friday,45726289,SorbetQT
1472,Esperanza,45667964,Jake
1473,Pridisco,45581404,Rikku
1474,EZPZ,45549505,NM_RJ3
1475,Hestia Fam,45446108,Alex
1476,Degenerate,45442236,マホ
1477,PrinCo.exe,45409660,Crystorm
1478,Death.,45338096,Raze
1479,Granblue,45247371,Yuuki Yuki
1480,LoliLords,45218253,Alejandro
1481,Noah Ark,45182228,Noyr
1482,Latinos ,45153282,Zasory
1483,ratb00bs,45128913,Mar
1484,Slacc Gang,45114414,bionic
1485,Magikal,45097220,Dart
1486,Weisslogia,45026834,Luminary
1487,Pricon ESP,44978020,ABysS
1488,Sanba,44875854,Tori
1489,Kaiteki,44764052,Digi
1490,YuiMilkers,44625868,Wav3r
1491,Relax,44618361,Sirbors
1492,DeLuxia,44544982,AlMrMiner
1493,Requiem,44484434,Riaru
1494,dragalia ,44420909,Jo
1495,Spotify,44404782,RZ
1496,Horizon,44385629,Nathaniel
1497,Freedom,44242605,Kaylan
1498,1*waifus,44200781,O'Cathail
1499,Shadow,44103661,Baihu
1500,ぎゅっと,43964733,Marcia
